"ndci","libelle"
1,"ABACAVIR"
2,"ABCIXIMAB"
3,"ABSINTHE"
4,"ACAMPROSATE"
5,"ACARBOSE"
6,"ACEBUTOLOL"
7,"ACECLIDINE"
8,"ACEFYLLINE"
9,"ACENOCOUMAROL"
10,"ACEPROMAZINE"
11,"ACEPROMETAZINE"
12,"ACETAZOLAMIDE"
13,"ACETORPHAN"
14,"ACETYLCYSTEINE"
15,"ACETYLDIGITOXINE"
16,"ACETYLLEUCINE"
17,"ACHE"
18,"ACHILLEE MILLEFEUILLE"
19,"ACICLOVIR"
20,"ACIDE 4-AMINO-SALICYLIQUE"
21,"ACIDE ACETIQUE"
22,"ACIDE ACETYLAMINOSUCCINIQUE"
23,"ACIDE ACETYLSALICYLIQUE"
24,"ACIDE ACEXAMIQUE"
25,"ACIDE ALENDRONIQUE"
26,"ACIDE ALGINIQUE"
27,"ACIDE AMINOCAPROIQUE"
28,"ACIDE ASCORBIQUE"
29,"ACIDE ASPARTIQUE"
30,"ACIDE AZELAIQUE"
31,"ACIDE BENZOIQUE"
32,"ACIDE BORIQUE"
33,"ACIDE CHENODESOXYCHOLIQUE"
34,"ACIDE CINAMETIQUE"
35,"ACIDE CITRIQUE"
36,"ACIDE CLAVULANIQUE"
37,"ACIDE CLODRONIQUE"
38,"ACIDE CROMOGLICIQUE"
39,"ACIDE DEHYDROCHOLIQUE"
40,"ACIDE DESOXYRIBONUCLEIQUE"
41,"ACIDE DIMECROTIQUE"
42,"ACIDE EDETIQUE DICOBALTIQUE"
43,"ACIDE ETIDRONIQUE"
44,"ACIDE FOLINIQUE"
45,"ACIDE FOLIQUE"
46,"ACIDE FUSIDIQUE"
47,"ACIDE GADOPENTETIQUE"
48,"ACIDE GADOTERIQUE"
49,"ACIDE GLUTAMIQUE"
50,"ACIDE IBANDRONIQUE"
51,"ACIDE LACTIQUE"
52,"ACIDE MALIQUE"
53,"ACIDE MEFENAMIQUE"
54,"ACIDE N ACETYL ASPARTYL GLUTAMIQUE"
55,"ACIDE NALIDIXIQUE"
56,"ACIDE NICOTINIQUE"
57,"ACIDE NIFLUMIQUE"
58,"ACIDE OLEIQUE"
59,"ACIDE OXOLINIQUE"
60,"ACIDE PAMIDRONIQUE"
61,"ACIDE PARAAMINOBENZOIQUE"
62,"ACIDE PARAHYDROCINNAMIQUE"
63,"ACIDE PHOSPHORIQUE"
64,"ACIDE PIPEMIDIQUE"
65,"ACIDE PYROLIDONE CARBOXYLIQUE"
66,"ACIDE RIBONUCLEIQUE"
67,"ACIDE SALICYLIQUE"
68,"ACIDE SILICIQUE"
69,"ACIDE SUCCINIQUE"
70,"ACIDE TENOIQUE"
71,"ACIDE TIAPROFENIQUE"
72,"ACIDE TIENILIQUE"
73,"ACIDE TILUDRONIQUE"
74,"ACIDE TRANEXAMIQUE"
75,"ACIDE UNDECYLENIQUE"
76,"ACIDE URSODESOXYCHOLIQUE"
77,"ACIDE VALPROIQUE"
78,"ACITRETINE"
79,"ACLOMETASONE"
80,"ACONIT"
81,"ACRIFLAVINE"
82,"ADAPALENE"
83,"ADENINE"
84,"ADENOSINE"
85,"ADENOSINE PHOSPHATE"
86,"ADENOSINE TRIPHOSPHATE"
87,"ADRAFINIL"
88,"ADRENALINE"
89,"AGRIPAUME"
90,"AIGREMOINE"
91,"AIL"
92,"ALBENDAZOLE"
93,"ALBUMINE"
94,"ALCLOXA"
95,"ALCOOL BENZYLIQUE"
96,"ALCOOL DICHLOROBENZYLIQUE"
97,"ALCOOL ISOPROPYLIQUE"
98,"ALCOOL POLYVINYLIQUE"
99,"ALCOOL PROPYLIQUE"
100,"ALCURONIUM"
101,"ALDESLEUKINE"
102,"ALDIOXA"
103,"ALFACALCIDOL"
104,"ALFENTANIL"
105,"ALFUZOSINE"
106,"ALIBENDOL"
107,"ALIMEMAZINE"
108,"ALIZAPRIDE"
109,"ALLANTOINE"
110,"ALLERGENES"
111,"ALLOPURINOL"
112,"ALLYLESTRENOL"
113,"ALMINOPROFENE"
114,"ALMITRINE"
115,"ALOES"
116,"ALPHA-AMYLASE"
117,"ALPHA-HYDROXY-ACIDE"
118,"ALPHAXOLONE"
119,"ALPIDEM"
120,"ALPRAZOLAM"
121,"ALPROSTADIL"
122,"ALTEPLASE"
123,"ALTIZIDE"
124,"ALUMINE HYDRATEE"
125,"ALUMINIUM ACETOTARTRATE"
126,"ALUMINIUM CHLORURE"
127,"ALUMINIUM HISTIDINATE"
128,"ALUMINIUM HYDROXYDE"
129,"ALUMINIUM HYDROXYQUINOLEATE"
130,"ALUMINIUM OXYDE"
131,"ALUMINIUM PHOSPHATE"
132,"ALUMINIUM SILICATE"
133,"ALUN"
134,"ALVERINE"
135,"AMANTADINE"
136,"AMBENONIUM"
137,"AMBROXOL"
138,"AMCINONIDE"
139,"AMFEPRAMONE"
140,"AMIDOTRIZOATE"
141,"AMIFOSTINE"
142,"AMIKACINE"
143,"AMILORIDE"
144,"AMINEPTINE"
145,"AMINOACETATE BASIQUE ALUMINIUM"
146,"AMINOGLUTETHIMIDE"
147,"AMINOPHYLLINE"
148,"AMIODARONE"
149,"AMISULPRIDE"
150,"AMITRIPTYLINE"
151,"AMLODIPINE"
152,"AMMONIUM CHLORURE"
153,"AMMONIUM HYDROGENOPHOSPHATE"
154,"AMOBARBITAL"
155,"AMODIAQUINE"
156,"AMOROLFINE"
157,"AMOXAPINE"
158,"AMOXICILLINE"
159,"AMPHETAMINE"
160,"AMPHOTERICINE B"
161,"AMPICILLINE"
162,"AMRINONE"
163,"AMSACRINE"
164,"AMYLASE"
165,"AMYLEINE"
166,"AMYLMETACRESOL"
167,"ANASTROZOLE"
168,"ANDROSTANOLONE"
169,"ANEMONE"
170,"ANETHOLTRITHIONE"
171,"ANIS"
172,"ANISTREPLASE"
173,"ANTIMONIATE DE MEGLUMINE"
174,"ANTITOXINE TETANIQUE"
175,"APHLOIA"
176,"APOMORPHINE"
177,"APRACLONIDINE"
178,"APRINDINE"
179,"APROTININE"
180,"ARGENT PROTEINATE"
181,"ARGININE"
182,"ARGININE ASPARTATE"
183,"ARGININE GLUTAMATE"
184,"ARGININE TIDIACIC"
185,"ARGOUSIER"
186,"ARMOISE"
187,"ARNICA"
188,"ARRETE-BŒUF"
189,"ARTESUNATE"
190,"ARTICAINE"
191,"ARTICHAUT"
192,"ASPARAGINASE"
193,"ASPARTAM"
194,"ASPERULE"
195,"ASTEMIZOLE"
196,"ATENOLOL"
197,"ATORVASTATINE"
198,"ATOVAQUONE"
199,"ATRACURIUM"
200,"ATROPINE"
201,"ATTAPULGITE"
202,"AUBEPINE"
203,"AURANOFINE"
204,"AUROTHIOPROPANOLSULFONATE DE SODIUM"
205,"AVOINE"
206,"AZATHIOPRINE"
207,"AZELASTINE"
208,"AZITHROMYCINE"
209,"AZTREONAM"
210,"BACAMPICILLINE"
211,"BACILLUS BIFIDUS"
212,"BACILLUS SUBTILIS"
213,"BACITRACINE"
214,"BACLOFENE"
215,"BACTERIES BCG"
216,"BADIANE"
217,"BALLOTE"
218,"BAMBUTEROL"
219,"BAMETHAN"
220,"BAMIFYLLINE"
221,"BARYUM SULFATE"
222,"BASILIXIMAB"
223,"BAUME DE TOLU"
224,"BAUME DU PEROU"
225,"BECLOMETASONE"
226,"BEFUNOLOL"
227,"BELLADONE"
228,"BENAZEPRIL"
229,"BENDROFLUMETHIAZIDE"
230,"BENFLUOREX"
231,"BENJOIN"
232,"BENORILATE"
233,"BENSERAZIDE"
234,"BENZALKONIUM"
235,"BENZBROMARONE"
236,"BENZOATE DE BENZYLE"
237,"BENZOATE DE SODIUM"
238,"BENZOCAINE"
239,"BENZODODECINIUM"
240,"BENZQUERCINE"
241,"BENZYDAMINE"
242,"BENZYLTHIOURACILE"
243,"BEPRIDIL"
244,"BERBERINE"
245,"BETA CAROTENE"
246,"BETA-ALANINE"
247,"BETAHISTINE"
248,"BETAINE"
249,"BETAINE CITRATE"
250,"BETAMETHASONE"
251,"BETAXOLOL"
252,"BEZAFIBRATE"
253,"BICALUTAMIDE"
254,"BICLOTYMOL"
255,"BIFLUORURE D'AMMONIUM"
256,"BIFONAZOLE"
257,"BIOTINE"
258,"BIPERIDENE"
259,"BISACODYL"
260,"BISCOUMACETATE"
261,"BISMUTH CAMPHOCARBONATE"
262,"BISMUTH OXYDE"
263,"BISMUTH SOUS GALLATE"
264,"BISMUTH SOUS NITRATE"
265,"BISMUTH SUCCINATE"
266,"BISOPROLOL"
267,"BLEOMYCINE"
268,"BLEU DE METHYLENE"
269,"BLEU EVANS"
270,"BLEU PATENTE V"
271,"BLEU TRYPAN"
272,"BOLDINE"
273,"BOLDO"
274,"BORATE DE PHENYLMERCURE"
275,"BOULEAU"
276,"BOURDAINE"
277,"BOURSE A PASTEUR"
278,"BRIMONIDINE"
279,"BROMAZEPAM"
280,"BROMELAINES"
281,"BROMHEXINE"
282,"BROMOCRIPTINE"
283,"BROMOFORME"
284,"BROMPHENIRAMINE"
285,"BRYONE"
286,"BUCHU"
287,"BUCLIZINE"
288,"BUDESONIDE"
289,"BUFEXAMAC"
290,"BUFLOMEDIL"
291,"BUGRANE"
292,"BUMETANIDE"
293,"BUPHENINE"
294,"BUPIVACAINE"
295,"BUPRENORPHINE"
296,"BUSERELINE"
297,"BUSPIRONE"
298,"BUSSEROLE"
299,"BUSULFAN"
300,"BUTACAINE"
301,"BUTALBITAL"
302,"BUTOBARBITAL"
303,"BUTOCONAZOLE"
304,"BUTOFORME"
305,"BUTOXYDE DE PIPERONYLE"
306,"BUTOXYETHYLE"
307,"BUTYLHYOSCINE"
308,"BUZEPIDE"
309,"CABERGOLINE"
310,"CACHOU"
311,"CAFEDRINE"
312,"CAFEINE"
313,"CAJEPUT"
314,"CALAMINE"
315,"CALAMUS"
316,"CALCIFEDIOL"
317,"CALCIPOTRIOL"
318,"CALCITONINE HUMAINE SYNTHETIQUE"
319,"CALCITONINE SALMINE SYNTHETIQUE"
320,"CALCITRIOL"
321,"CALCIUM ALGINATE"
322,"CALCIUM ALUMINOSILICATE"
323,"CALCIUM ASCORBATE"
324,"CALCIUM BROMOGALACTOGLUCONATE"
325,"CALCIUM BROMURE"
326,"CALCIUM CARBONATE"
327,"CALCIUM CHLORURE"
328,"CALCIUM DOBESILATE"
329,"CALCIUM EDETATE DE SODIUM"
330,"CALCIUM FLUORURE"
331,"CALCIUM FRUCTOHEPTONATE"
332,"CALCIUM GLUBIONATE"
333,"CALCIUM GLUCOHEPTONATE"
334,"CALCIUM GLUCONATE"
335,"CALCIUM GLUCONOLACTATE"
336,"CALCIUM GLYCEROPHOSPHATE"
337,"CALCIUM HYDROGENOPHOSPHATE"
338,"CALCIUM LACTATE"
339,"CALCIUM OXOGLURATE"
340,"CALCIUM PANTOTHENATE"
341,"CALCIUM PHOSPHATE"
342,"CALCIUM PIDOLATE"
343,"CALENDULA"
344,"CAMOMILLE"
345,"CAMPHORATE DE METHYLE"
346,"CAMPHRE"
347,"CAMYLOFINE"
348,"CANDESARTAN"
349,"CANDIDA ALBICANS (LYSAT LYOPHILISE DE)"
350,"CANNELLE"
351,"CANRENOATE DE POTASSIUM"
352,"CANTHAXANTHINE"
353,"CAPSICUM"
354,"CAPTODIAME"
355,"CAPTOPRIL"
356,"CARBAMAZEPINE"
357,"CARBASALATE CALCIQUE"
358,"CARBAZOCHROME"
359,"CARBIDOPA"
360,"CARBIMAZOLE"
361,"CARBINOXAMINE"
362,"CARBOCISTEINE"
363,"CARBOMERE"
364,"CARBOPLATINE"
365,"CARBUTAMIDE"
366,"CARISOPRODOL"
367,"CARMELLOSE"
368,"CARMUSTINE"
369,"CARNITINE"
370,"CARPIPRAMINE"
371,"CARRAGHENATES"
372,"CARTEOLOL"
373,"CARTILAGE"
374,"CARVEDILOL"
375,"CASCARA"
376,"CASSIS"
377,"CATALASE"
378,"CEDRE"
379,"CEFACLOR"
380,"CEFADROXIL"
381,"CEFALEXINE"
382,"CEFALOTINE"
383,"CEFAMANDOLE"
384,"CEFAPIRINE"
385,"CEFATRIZINE"
386,"CEFAZOLINE"
387,"CEFEPIME"
388,"CEFIXIME"
389,"CEFMENOXIME"
390,"CEFOPERAZONE"
391,"CEFOTAXIME"
392,"CEFOTETAN"
393,"CEFOTIAM"
394,"CEFOXITINE"
395,"CEFPIROME"
396,"CEFPODOXIME"
397,"CEFRADINE"
398,"CEFSULODINE"
399,"CEFTAZIDIME"
400,"CEFTIZOXIME"
401,"CEFTRIAXONE"
402,"CEFUROXIME"
403,"CELIPROLOL"
404,"CELLULASE"
405,"CERIUM NITRATE"
406,"CERIVASTATINE"
407,"CETALKONIUM"
408,"CETHEXONIUM"
409,"CETIEDIL"
410,"CETIRIZINE"
411,"CETRIMIDE"
412,"CETRIMONIUM"
413,"CETYLPYRIDINIUM"
414,"CHARBON MEDICINAL"
415,"CHELIDOINE"
416,"CHIENDENT"
417,"CHIMAPHYLLA"
418,"CHLORAL"
419,"CHLORAMBUCIL"
420,"CHLORAMPHENICOL"
421,"CHLORDIAZEPOXIDE"
422,"CHLORHEXIDINE"
423,"CHLORMADINONE"
424,"CHLORMETHINE"
425,"CHLORMEZANONE"
426,"CHLOROBUTANOL"
427,"CHLOROCRESOL"
428,"CHLOROQUINE"
429,"CHLORPHENIRAMINE"
430,"CHLORPROETHAZINE"
431,"CHLORPROMAZINE"
432,"CHLORPROPAMIDE"
433,"CHLORQUINALDOL"
434,"CHLORTALIDONE"
435,"CHLORTETRACYCLINE"
436,"CHOLESTEROL BENZOATE"
437,"CHOLINE"
438,"CHONDROITINE SULFATE"
439,"CHROME ALUN"
440,"CHROME OROTATE"
441,"CHROMOCARBE"
442,"CHYMOPAPAINE"
443,"CHYMOTRYPSINE"
444,"CHYMOTRYPSINOGENE"
445,"CIBENZOLINE"
446,"CICLETANINE"
447,"CICLOPIROX"
448,"CICLOSPORINE"
449,"CIDOFOVIR"
450,"CILASTATINE"
451,"CILAZAPRIL"
452,"CIMETIDINE"
453,"CINCHOCAINE"
454,"CINCHONIDINE"
455,"CINCHONINE"
456,"CINEPAZIDE"
457,"CINNARIZINE"
458,"CIPROFIBRATE"
459,"CIPROFLOXACINE"
460,"CIRE D'ABEILLE"
461,"CISAPRIDE"
462,"CISATRACURIUM"
463,"CISPLATINE"
464,"CITALOPRAM"
465,"CITICOLINE"
466,"CITRAL"
467,"CITROFLAVONOIDES"
468,"CITRULLINE"
469,"CLADRIBINE"
470,"CLARITHROMYCINE"
471,"CLIDINIUM"
472,"CLINDAMYCINE"
473,"CLIOQUINOL"
474,"CLOBAZAM"
475,"CLOBENZOREX"
476,"CLOBETASOL"
477,"CLOBUTINOL"
478,"CLOCINIZINE"
479,"CLOFAZIMINE"
480,"CLOFIBRATE"
481,"CLOFOCTOL"
482,"CLOMETACINE"
483,"CLOMIFENE"
484,"CLOMIPRAMINE"
485,"CLONAZEPAM"
486,"CLONIDINE"
487,"CLOPAMIDE"
488,"CLOPIDOGREL"
489,"CLORAZEPATE POTASSIQUE"
490,"CLOROQUALONE"
491,"CLOTIAPINE"
492,"CLOTIAZEPAM"
493,"CLOXACILLINE"
494,"CLOZAPINE"
495,"COBALT GLUCONATE"
496,"COBALT SULFATE"
497,"COBAMAMIDE"
498,"COCARBOXYLASE"
499,"CODEINE"
500,"COLCHICINE"
501,"COLCHIQUE TEINTURE"
502,"COLECALCIFEROL"
503,"COLESTYRAMINE"
504,"COLISTINE"
505,"COLLAGENE"
506,"COMBRETUM"
507,"COMPLEXE OSSEINE-HYDROXYAPATITE"
508,"CONDURANGO"
509,"COQUELICOT"
510,"CORTISONE"
511,"CORTIVAZOL"
512,"CORYNEBACTERIUM PSEUDO DIPHTERIAE (FRACTIONS ANTIGENIQUES DE)"
513,"COUMARINE"
514,"CROTAMITON"
515,"CUIVRE GLUCONATE"
516,"CUIVRE OXYDE"
517,"CUIVRE PIDOLATE"
518,"CUIVRE SULFATE"
519,"CUMIN"
520,"CURCUMA"
521,"CYAMEMAZINE"
522,"CYANINOSIDES"
523,"CYANOCOBALAMINE"
524,"CYCLANDELATE"
525,"CYCLIZINE"
526,"CYCLOBUTYROL"
527,"CYCLOPENTOLATE"
528,"CYCLOPHOSPHAMIDE"
529,"CYCLOTHIAZIDE"
530,"CYCLOVALONE"
531,"CYNARA"
532,"CYPRES"
533,"CYPRODENATE"
534,"CYPROHEPTADINE"
535,"CYPROTERONE"
536,"CYSTEINE"
537,"CYSTINE"
538,"CYTARABINE"
539,"CYTIDINE"
540,"DACARBAZINE"
541,"DALTEPARINE"
542,"DANAPAROIDE"
543,"DANAZOL"
544,"DANTROLENE"
545,"DAPABUTAN"
546,"DAPSONE"
547,"DAUNORUBICINE"
548,"DEANOL"
549,"DEFEROXAMINE"
550,"DEMEGESTONE"
551,"DEPALLETHRINE"
552,"DEQUALINIUM"
553,"DESFLURANE"
554,"DESIPRAMINE"
555,"DESIRUDINE"
556,"DESLANOSIDE"
557,"DESMOPRESSINE"
558,"DESOGESTREL"
559,"DESONIDE"
560,"DESOXIMETASONE"
561,"DESOXYCORTONE"
562,"DESOXYRIBONUCLEASE"
563,"DEXAMETHASONE"
564,"DEXCHLORPHENIRAMINE"
565,"DEXFENFLURAMINE"
566,"DEXPANTHENOL"
567,"DEXRAZOXANE"
568,"DEXTRAN"
569,"DEXTROMETHORPHANE"
570,"DEXTROMORAMIDE"
571,"DEXTROPROPOXYPHENE"
572,"DIACERHEINE"
573,"DIASTASE"
574,"DIAZEPAM"
575,"DIAZOXIDE"
576,"DIBEKACINE"
577,"DIBENCOZIDE"
578,"DICLOFENAC"
579,"DICLOXACILLINE"
580,"DIDANOSINE"
581,"DIETHYLAMINOETHANOL"
582,"DIETHYLCARBAMAZINE"
583,"DIETHYLSTILBESTROL"
584,"DIFEBARBAMATE"
585,"DIFETARSONE"
586,"DIFLUCORTOLONE"
587,"DIFLUNISAL"
588,"DIFLUPREDNATE"
589,"DIGITOXINE"
590,"DIGOXINE"
591,"DIHEXYVERINE"
592,"DIHYDRALAZINE"
593,"DIHYDROCODEINE"
594,"DIHYDROERGOCRISTINE"
595,"DIHYDROERGOCRYPTINE"
596,"DIHYDROERGOTAMINE"
597,"DIHYDROERGOTOXINE"
598,"DIHYDROXYDIBUTYLETHER"
599,"DIIODOHYDROXYQUINOLEINE"
600,"DILTIAZEM"
601,"DIMENHYDRINATE"
602,"DIMERCAPROL"
603,"DIMETICONE"
604,"DIMETOTIAZINE"
605,"DIMPYLATE"
606,"DINOPROSTONE"
607,"DIOSMECTITE"
608,"DIOSMINE"
609,"DIPHEMANIL"
610,"DIPHENHYDRAMINE"
611,"DIPHENOXYLATE"
612,"DIPIVEPHRINE"
613,"DIPROPHYLLINE"
614,"DIPROQUALONE"
615,"DIPYRIDAMOLE"
616,"DIRITHROMYCINE"
617,"DISOPYRAMIDE"
618,"DISULFIRAME"
619,"DITHRANOL"
620,"DOBUTAMINE"
621,"DOCETAXEL"
622,"DODECLONIUM"
623,"DOLASETRON"
624,"DOMIPHENE BROMURE"
625,"DOMPERIDONE"
626,"DONEPEZIL"
627,"DOPAMINE"
628,"DOPEXAMINE"
629,"DORZOLAMIDE"
630,"DOSULEPINE"
631,"DOXAPRAM"
632,"DOXEPINE"
633,"DOXORUBICINE"
634,"DOXYCYCLINE"
635,"DOXYLAMINE"
636,"DROPERIDOL"
637,"DROSERA"
638,"DYDROGESTERONE"
639,"EAU DE ROSE"
640,"ECONAZOLE"
641,"ECOTHIOPATE IODURE"
642,"EFAVIRENZ"
643,"ELLIPTINIUM"
644,"ENALAPRIL"
645,"ENFLURANE"
646,"ENOXACINE"
647,"ENOXAPARINE"
648,"ENOXIMONE"
649,"ENOXOLONE"
650,"ENPROSTIL"
651,"ENTACAPONE"
652,"EOSINE"
653,"EPHEDRINE"
654,"EPIRUBICINE"
655,"EPOETINE ALFA"
656,"EPOETINE BETA"
657,"EPRAZINONE"
658,"EPROZINOL"
659,"EPTACOG ALFA"
660,"ERDOSTEINE"
661,"ERGOCALCIFEROL"
662,"ERGOTAMINE"
663,"ERYSIMUM"
664,"ERYTHROMYCINE"
665,"ESCHERICHIA COLI (FRACTIONS ANTIGENIQUES D')"
666,"ESCHSCHOLTZIA"
667,"ESCINE"
668,"ESCULOSIDE"
669,"ESERIDINE"
670,"ESMOLOL"
671,"ESSENCE DE TEREBENTHINE"
672,"ESTAZOLAM"
673,"ESTRADIOL"
674,"ESTRAMUSTINE"
675,"ESTRIOL"
676,"ESTROGENE"
677,"ESTRONE"
678,"ETAMIPHYLLINE"
679,"ETAMSYLATE"
680,"ETHAMBUTOL"
681,"ETHANOL"
682,"ETHENZAMIDE"
683,"ETHINYLESTRADIOL"
684,"ETHOSUXIMIDE"
685,"ETHOXAZORUTOSIDE"
686,"ETHYLMORPHINE"
687,"ETIDOCAINE"
688,"ETIFOXINE"
689,"ETILEFRINE"
690,"ETODOLAC"
691,"ETOMIDATE"
692,"ETOPOSIDE"
693,"ETRETINATE"
694,"ETYBENZATROPINE"
695,"ETYNODIOL"
696,"EUCALYPTOL"
697,"EUCALYPTUS"
698,"EUGENOL"
699,"EXIFONE"
700,"EXTRAIT CORTICOSURRENAL"
701,"EXTRAIT D'ANTRE PYLORIQUE"
702,"EXTRAIT DE BILE DE BŒUF"
703,"EXTRAIT DE CHARDON"
704,"EXTRAIT DE FOIE"
705,"EXTRAIT DE PANCREAS"
706,"EXTRAIT OVARIEN"
707,"FACTEUR IX"
708,"FACTEUR VII"
709,"FACTEUR VIII"
710,"FACTEUR WILLEBRAND"
711,"FACTEUR XI"
712,"FACTEUR XIII"
713,"FAMCICLOVIR"
714,"FAMOTIDINE"
715,"FEBARBAMATE"
716,"FELBAMATE"
717,"FELODIPINE"
718,"FELYPRESSINE"
719,"FENALCOMINE"
720,"FENFLURAMINE"
721,"FENOFIBRATE"
722,"FENOPROFENE"
723,"FENOTEROL"
724,"FENOUIL"
725,"FENOXAZOLINE"
726,"FENOZOLONE"
727,"FENPIVERINIUM"
728,"FENPROPOREX"
729,"FENSPIRIDE"
730,"FENTANYL"
731,"FENTICONAZOLE"
732,"FENUGREC"
733,"FER ASCORBATE"
734,"FER BETAINATE"
735,"FER FEREDETATE"
736,"FER FUMARATE"
737,"FER GLUCONATE"
738,"FER HYDROXYDE"
739,"FER OXALATE"
740,"FER SUCCINATE"
741,"FER SULFATE"
742,"FER SUPERPARAMAGNETIQUE"
743,"FEXOFENADINE"
744,"FIBRINOLYSINE"
745,"FICAIRE"
746,"FILGRASTIME"
747,"FINASTERIDE"
748,"FIPEXIDE"
749,"FLAVODATE DE SODIUM"
750,"FLAVOXATE"
751,"FLECAINIDE"
752,"FLOCTAFENINE"
753,"FLUBENDAZOLE"
754,"FLUCONAZOLE"
755,"FLUCYTOSINE"
756,"FLUDARABINE"
757,"FLUDROCORTISONE"
758,"FLUINDIONE"
759,"FLUMAZENIL"
760,"FLUMEQUINE"
761,"FLUNARIZINE"
762,"FLUNISOLIDE"
763,"FLUNITRAZEPAM"
764,"FLUOCINOLONE"
765,"FLUOCINONIDE"
766,"FLUOCORTOLONE"
767,"FLUORESCEINE"
768,"FLUOROMETHOLONE"
769,"FLUOROURACIL"
770,"FLUORURE DE SODIUM"
771,"FLUOXETINE"
772,"FLUOXYMESTERONE"
773,"FLUPENTIXOL"
774,"FLUPHENAZINE"
775,"FLURBIPROFENE"
776,"FLUTAMIDE"
777,"FLUTICASONE"
778,"FLUVASTATINE"
779,"FLUVOXAMINE"
780,"FOIE DE FLETAN"
781,"FOIE DE MORUE"
782,"FOLLITROPINE ALPHA"
783,"FOLLITROPINE BETA"
784,"FORMALDEHYDE"
785,"FORMESTANE"
786,"FORMOTEROL"
787,"FOSCARNET"
788,"FOSFESTROL"
789,"FOSFOMYCINE"
790,"FOSINOPRIL"
791,"FOSPHENYTOINE"
792,"FOTEMUSTINE"
793,"FRAGON"
794,"FRAMYCETINE"
795,"FUCUS"
796,"FUMETERRE"
797,"FUROSEMIDE"
798,"FUSAFUNGINE"
799,"FUSAIN"
800,"FUSIFORMIS FUSIFORMIS (FRACTIONS ANTIGENIQUES DE)"
801,"GABAPENTINE"
802,"GADOTERIDOL"
803,"GAFKYA TETRAGENA (FRACTIONS ANTIGENIQUES DE)"
804,"GAIAZULENE"
805,"GAMMA GLOBULINES HUMAINES"
806,"GANCICLOVIR"
807,"GELATINE"
808,"GELOSE"
809,"GELSEMIUM"
810,"GEMCITABINE"
811,"GEMEPROST"
812,"GEMFIBROZIL"
813,"GENET"
814,"GENIEVRE"
815,"GENTAMICINE"
816,"GENTIANE"
817,"GESTODENE"
818,"GINGEMBRE"
819,"GINKGO BILOBA"
820,"GINSENG"
821,"GLAFENINE"
822,"GLIBENCLAMIDE"
823,"GLIBORNURIDE"
824,"GLICLAZIDE"
825,"GLIMEPIRIDE"
826,"GLIPIZIDE"
827,"GLUCAGON"
828,"GLUCOMANNANE"
829,"GLUCOSE"
830,"GLUCURONAMIDE"
831,"GLUTARAL"
832,"GLYCEROL"
833,"GLYCINE"
834,"GOMME GUAR"
835,"GOMME KARAYA"
836,"GONADORELINE"
837,"GONADOTROPHINE CHORIONIQUE"
838,"GOSERELINE"
839,"GOUDRON DE HOUILLE"
840,"GRAMICIDINE"
841,"GRANDE BARDANE"
842,"GRANDE CAMOMILLE"
843,"GRANISETRON"
844,"GRINDELIA"
845,"GRISEOFULVINE"
846,"GUAIACOL"
847,"GUAIACOL SULFONATE"
848,"GUAIETOLINE"
849,"GUAIFENESINE"
850,"GUANFACINE"
851,"HALCINONIDE"
852,"HALOFANTRINE"
853,"HALOPERIDOL"
854,"HALOTHANE"
855,"HAMAMELIS"
856,"HARPAGOPHYTON"
857,"HELICIDINE"
858,"HEMATOPORPHYRINE"
859,"HEMINE"
860,"HEMOCOAGULASE"
861,"HEMOPHILUS INFLUENZAE (FRACTIONS ANTIGENIQUES D')"
862,"HEMOPHILUS INFLUENZAE (FRACTIONS RIBOSOMALES D')"
863,"HEPARINE"
864,"HEPTAMINOL"
865,"HESPERIDINE"
866,"HEXAMETHYLENE TETRAMINE"
867,"HEXAMIDINE"
868,"HEXETIDINE"
869,"HISTAMINE"
870,"HISTIDINE"
871,"HOMATROPINE"
872,"HUILE DE BOURRACHE"
873,"HUILE DE CADE"
874,"HUILE DE FOIE DE POISSON"
875,"HUILE DE GERME DE BLE"
876,"HUILE DE JUSQUIAME"
877,"HUILE DE SOJA"
878,"HUILE D'OLIVE"
879,"HUILE ESSENTIELLE DE CANNELLE"
880,"HUILE ESSENTIELLE DE GIROFLE"
881,"HUILE ESSENTIELLE DE LAVANDE"
882,"HUILE ESSENTIELLE DE MENTHE"
883,"HUILE ESSENTIELLE DE NIAOULI"
884,"HUILE ESSENTIELLE DE PIMENT"
885,"HUILE ESSENTIELLE DE PIN"
886,"HUILE ESSENTIELLE DE ROMARIN"
887,"HUILE ESSENTIELLE DE SAPIN"
888,"HUILE ESSENTIELLE DE SERPOLET"
889,"HUILE ESSENTIELLE DE THYM"
890,"HUILE ESSENTIELLE D'EUCALYPTUS"
891,"HYALURONIDASE"
892,"HYDRASTININE"
893,"HYDRASTIS"
894,"HYDROCHLOROTHIAZIDE"
895,"HYDROCORTISONE"
896,"HYDROCOTYLE"
897,"HYDROQUINONE"
898,"HYDROXOCOBALAMINE"
899,"HYDROXYBUTYRATE DE SODIUM"
900,"HYDROXYCARBAMIDE"
901,"HYDROXYCHLOROQUINE"
902,"HYDROXYESTRONE"
903,"HYDROXYETHYLAMIDON"
904,"HYDROXYETHYLRUTOSIDES"
905,"HYDROXYPROGESTERONE"
906,"HYDROXYZINE"
907,"HYMECROMONE"
908,"HYOSCYAMINE"
909,"IBACITABINE"
910,"IBUPROFENE"
911,"IBUTILIDE"
912,"ICHTHYOLAMMONIUM"
913,"IDARUBICINE"
914,"IDOXURIDINE"
915,"IDROCILAMIDE"
916,"IFENPRODIL"
917,"IFOSFAMIDE"
918,"ILOPROST"
919,"IMIGLUCERASE"
920,"IMIPENEME"
921,"IMIPRAMINE"
922,"IMMUNOGLOBULINE HUMAINE"
923,"IMMUNOGLOBULINE TETANIQUE"
924,"INDALPINE"
925,"INDAPAMIDE"
926,"INDINAVIR"
927,"INDOMETACINE"
928,"INDORAMINE"
929,"INOSINE"
930,"INOSINE ACEDOBENE DIMEPRANOL"
931,"INOSITOL"
932,"INSAPONIFIABLE DE MAIS"
933,"INSAPONIFIABLES D'AVOCAT"
934,"INSAPONIFIABLES DE SOJA"
935,"INSULINE"
936,"INTERFERON ALPHA"
937,"INTERFERON BETA"
938,"INTERFERON GAMMA"
939,"IOBITRIDOL"
940,"IODE"
941,"IODIXANOL"
942,"IODURE DE POTASSIUM"
943,"IODURE DE SODIUM"
944,"IOHEXOL"
945,"IOMEPROL"
946,"IOPAMIDOL"
947,"IOPENTOL"
948,"IOPROMIDE"
949,"IOVERSOL"
950,"IOXAGLATE"
951,"IOXITALAMATE"
952,"IPECACUANHA"
953,"IPRATROPIUM"
954,"IPRONIAZIDE"
955,"IRBESARTAN"
956,"IRINOTECAN"
957,"IRIS"
958,"ISEPAMICINE"
959,"ISOCONAZOLE"
960,"ISOFLURANE"
961,"ISOMYRTOL"
962,"ISONIAZIDE"
963,"ISOPRENALINE"
964,"ISOPROPAMIDE"
965,"ISOSORBIDE DINITRATE"
966,"ISOSORBIDE MONONITRATE"
967,"ISOTHIPENDYL"
968,"ISOTRETINOINE"
969,"ISOXICAM"
970,"ISPAGHUL"
971,"ISRADIPINE"
972,"ITRACONAZOLE"
973,"IVERMECTINE"
974,"JOSAMYCINE"
975,"JUSQUIAME"
976,"KANAMYCINE"
977,"KAOLIN"
978,"KETAMINE"
979,"KETOCONAZOLE"
980,"KETOPROFENE"
981,"KETOTIFENE"
982,"KINKELIBA"
983,"KLEBSIELLA PNEUMONIAE"
984,"KOLA"
985,"KONJAC"
986,"LABETALOL"
987,"LACIDIPINE"
988,"LACTITOL"
989,"LACTOBACILLUS ACIDOPHILUS"
990,"LACTOBACILLUS CASEI"
991,"LACTOBACILLUS FERMENTI"
992,"LACTOBACILLUS HELVETICUS"
993,"LACTOBACILLUS LACTIS"
994,"LACTOPROTEINES METHYLENIQUES"
995,"LACTULOSE"
996,"LAMIVUDINE"
997,"LAMOTRIGINE"
998,"LANREOTIDE"
999,"LANSOPRAZOLE"
1000,"LATANOPROST"
1001,"LAURIER"
1002,"LAURYLSULFONATE DE PEG"
1003,"LECITHINE"
1004,"LENOGRASTIME"
1005,"LEPIRUDINE"
1006,"LETOSTEINE"
1007,"LETROZOLE"
1008,"LEUCINE"
1009,"LEUCOCIANIDOL"
1010,"LEUPRORELINE"
1011,"LEVAMISOLE"
1012,"LEVOBUNOLOL"
1013,"LEVOCABASTINE"
1014,"LEVODOPA"
1015,"LEVOMEPROMAZINE"
1016,"LEVONORGESTREL"
1017,"LEVULOSE"
1018,"LEVURE"
1019,"LEVURE DE BIERE"
1020,"LIDOCAINE"
1021,"LINCOMYCINE"
1022,"LINDANE"
1023,"LINSIDOMINE"
1024,"LIOTHYRONINE"
1025,"LIPASE"
1026,"LISINOPRIL"
1027,"LISURIDE"
1028,"LITHIUM BENZOATE"
1029,"LITHIUM BROMURE"
1030,"LITHIUM CARBONATE"
1031,"LITHIUM GLUCONATE"
1032,"LITHIUM HYDROGENOPHOSPHATE"
1033,"LITHIUM OROTATE"
1034,"LITHIUM SALICYLATE"
1035,"LOBELIE"
1036,"LODOXAMIDE"
1037,"LOFLAZEPATE"
1038,"LOMEFLOXACINE"
1039,"LOMIFYLLINE"
1040,"LOPERAMIDE"
1041,"LOPOBUTAN"
1042,"LOPRAZOLAM"
1043,"LORATADINE"
1044,"LORAZEPAM"
1045,"LORMETAZEPAM"
1046,"LOSARTAN"
1047,"LOTIER"
1048,"LOXAPINE"
1049,"LYMECYCLINE"
1050,"LYNESTRENOL"
1051,"LYPRESSINE"
1052,"LYSINE"
1053,"LYSOZYME"
1054,"MACROGOL"
1055,"MAGALDRATE"
1056,"MAGNESIUM (PARA AMINOBENZOATE DE)"
1057,"MAGNESIUM ALUMINOSILICATE"
1058,"MAGNESIUM ASCORBATE"
1059,"MAGNESIUM ASPARTATE"
1060,"MAGNESIUM BROMURE"
1061,"MAGNESIUM CARBONATE"
1062,"MAGNESIUM CHLORURE"
1063,"MAGNESIUM CITRATE"
1064,"MAGNESIUM GLUCONATE"
1065,"MAGNESIUM GLYCEROPHOSPHATE"
1066,"MAGNESIUM HYDROGENOPHOSPHATE"
1067,"MAGNESIUM HYDROXYDE"
1068,"MAGNESIUM LACTATE"
1069,"MAGNESIUM MOLYBDATE"
1070,"MAGNESIUM OXYDE"
1071,"MAGNESIUM PIDOLATE"
1072,"MAGNESIUM STEARATE"
1073,"MAGNESIUM SULFATE"
1074,"MAGNESIUM THIOSULFATE"
1075,"MAGNESIUM TRISILICATE"
1076,"MAIS"
1077,"MALATHION"
1078,"MALVA"
1079,"MANGANESE CARBONATE"
1080,"MANGANESE CHLORURE"
1081,"MANGANESE GLUCONATE"
1082,"MANGANESE GLYCEROPHOSPHATE"
1083,"MANGANESE HYDROGENOPHOSPHATE"
1084,"MANGANESE PIDOLATE"
1085,"MANGANESE SULFATE"
1086,"MANNITOL"
1087,"MAPROTILINE"
1088,"MARRON D'INDE"
1089,"MATRICAIRE"
1090,"MAUVE"
1091,"MEBENDAZOLE"
1092,"MEBEVERINE"
1093,"MECETRONIUM ETILSULFATE"
1094,"MECLOFENOXATE"
1095,"MECLOZINE"
1096,"MEDAZEPAM"
1097,"MEDIFOXAMINE"
1098,"MEDROGESTONE"
1099,"MEDROXYPROGESTERONE"
1100,"MEFENOREX"
1101,"MEFLOQUINE"
1102,"MEGESTROL"
1103,"MEGLUMINE BENZOATE"
1104,"MELATONINE"
1105,"MELILOT"
1106,"MELISSE"
1107,"MELOXICAM"
1108,"MELPHALAN"
1109,"MENTHE"
1110,"MENTHOL"
1111,"MENYANTHE"
1112,"MEPACRINE"
1113,"MEPHENESINE"
1114,"MEPIVACAINE"
1115,"MEPROBAMATE"
1116,"MEPYRAMINE"
1117,"MEQUINOL"
1118,"MEQUITAZINE"
1119,"MERCAPTAMINE"
1120,"MERCAPTOPURINE"
1121,"MERCUROBUTOL"
1122,"MESALAZINE"
1123,"MESNA"
1124,"MESTRANOL"
1125,"METACYCLINE"
1126,"METAPRAMINE"
1127,"METFORMINE"
1128,"METHADONE"
1129,"METHENAMINE"
1130,"METHIMAZOLE"
1131,"METHIONINE"
1132,"METHOCARBAMOL"
1133,"METHOHEXITAL"
1134,"METHOTREXATE"
1135,"METHOXALENE"
1136,"METHOXYPSORALENE"
1137,"METHOXYSALICYLATE D'ETHYL"
1138,"METHYCLOTHIAZIDE"
1139,"METHYLCELLULOSE"
1140,"METHYLDOPA"
1141,"METHYLERGOMETRINE"
1142,"METHYLPHENIDATE"
1143,"METHYLPREDNISOLONE"
1144,"METHYLSILANETRIOL"
1145,"METHYSERGIDE"
1146,"METIPRANOLOL"
1147,"METOCLOPRAMIDE"
1148,"METOPIMAZINE"
1149,"METOPROLOL"
1150,"METRONIDAZOLE"
1151,"METYRAPONE"
1152,"MEXILETINE"
1153,"MEZLOCILLINE"
1154,"MIANSERINE"
1155,"MICONAZOLE"
1156,"MICRONOMICINE"
1157,"MIDAZOLAM"
1158,"MIDECAMYCINE"
1159,"MIDODRINE"
1160,"MIFEPRISTONE"
1161,"MIGLITOL"
1162,"MILNACIPRAN"
1163,"MILRINONE"
1164,"MILTEFOSINE"
1165,"MINAPRINE"
1166,"MINOCYCLINE"
1167,"MINOXIDIL"
1168,"MIRTAZAPINE"
1169,"MISOPROSTOL"
1170,"MITOMYCINE"
1171,"MITOTANE"
1172,"MITOXANTRONE"
1173,"MIVACURIUM"
1174,"MIZOLASTINE"
1175,"MOCLOBEMIDE"
1176,"MODAFINIL"
1177,"MOELLE OSSEUSE"
1178,"MOEXIPRIL"
1179,"MOLGRAMOSTIME"
1180,"MOLSIDOMINE"
1181,"MOLYBDENE"
1182,"MOMETASONE"
1183,"MONTELUKAST"
1184,"MONTMORILLONITE"
1185,"MORAXELLA"
1186,"MOROXYDINE"
1187,"MORPHINE CHLORHYDRATE"
1188,"MORPHINE SULFATE"
1189,"MOXISYLYTE"
1190,"MOXONIDINE"
1191,"MUPIROCINE"
1192,"MUROMONAB CD3"
1193,"MYCOPHENOLATE MOFETIL"
1194,"MYRISTALKONIUM"
1195,"MYRTECAINE"
1196,"MYRTILLE EXTRAIT ANTHOCYANOSIDE"
1197,"NADOLOL"
1198,"NADOXOLOL"
1199,"NADROPARINE"
1200,"NAFARELINE"
1201,"NAFTAZONE"
1202,"NAFTIDROFURYL"
1203,"NALBUPHINE"
1204,"NALORPHINE"
1205,"NALOXONE"
1206,"NALTREXONE"
1207,"NANDROLONE"
1208,"NAPHAZOLINE"
1209,"NAPROXENE"
1210,"NARATRIPTAN"
1211,"NARINGINE"
1212,"NEDOCROMIL"
1213,"NEFOPAM"
1214,"NEISSERIA CATARRHALIS (FRACTIONS ANTIGENIQUES DE)"
1215,"NELFINAVIR"
1216,"NEOMYCINE"
1217,"NEOSTIGMINE"
1218,"NETILMICINE"
1219,"NEVIRAPINE"
1220,"NIALAMIDE"
1221,"NIAPRAZINE"
1222,"NICARDIPINE"
1223,"NICERGOLINE"
1224,"NICETHAMIDE"
1225,"NICLOSAMIDE"
1226,"NICORANDIL"
1227,"NICOTINAMIDE"
1228,"NICOTINATE DE GUETOL"
1229,"NICOTINE"
1230,"NIFEDIPINE"
1231,"NIFURATEL"
1232,"NIFUROXAZIDE"
1233,"NIFURZIDE"
1234,"NILUTAMIDE"
1235,"NIMESULIDE"
1236,"NIMODIPINE"
1237,"NIMORAZOLE"
1238,"NITRATE D'ARGENT"
1239,"NITRAZEPAM"
1240,"NITRENDIPINE"
1241,"NITROFURANTOINE"
1242,"NITROPRUSSIATE"
1243,"NITROXOLINE"
1244,"NIZATIDINE"
1245,"NOIX DE MUSCADE"
1246,"NOIX VOMIQUE"
1247,"NOMEGESTROL"
1248,"NOMIFENSINE"
1249,"NONOXINOL"
1250,"NORAMIDOPYRINE"
1251,"NORDAZEPAM"
1252,"NOREPINEPHRINE"
1253,"NORETHANDROLONE"
1254,"NORETHISTERONE"
1255,"NORFLOXACINE"
1256,"NORGESTIMATE"
1257,"NORGESTREL"
1258,"NORGESTRIENONE"
1259,"NORTRIPTYLINE"
1260,"NOSCAPINE"
1261,"NOXYTIOLINE"
1262,"NYSTATINE"
1263,"OCTOCOG ALFA"
1264,"OCTREOTIDE"
1265,"OFLOXACINE"
1266,"OLANZAPINE"
1267,"OLEATE DE SODIUM"
1268,"OLIGOMERE PROCYANIDOLIQUE"
1269,"OLIVIER"
1270,"OLSALAZINE"
1271,"OMEGA 3 POLYINSATURE"
1272,"OMEPRAZOLE"
1273,"OMOCONAZOLE"
1274,"ONDANSETRON"
1275,"OPIPRAMOL"
1276,"OPIUM"
1277,"OR COLLOIDAL"
1278,"ORANGE AMERE"
1279,"ORCIPRENALINE"
1280,"ORLISTAT"
1281,"ORNIDAZOLE"
1282,"ORNITHINE CHLORHYDRATE"
1283,"ORNITHINE OXOGLURATE"
1284,"ORTHOSIPHON"
1285,"ORTIE DIOIQUE"
1286,"OVARINE"
1287,"OXACEPROL"
1288,"OXACILLINE"
1289,"OXAFLOZANE"
1290,"OXALIPLATINE"
1291,"OXATOMIDE"
1292,"OXAZEPAM"
1293,"OXELADINE"
1294,"OXETACAINE"
1295,"OXETORONE"
1296,"OXICONAZOLE"
1297,"OXITRIPTAN"
1298,"OXITROPIUM"
1299,"OXOMEMAZINE"
1300,"OXPRENOLOL"
1301,"OXYBUPROCAINE"
1302,"OXYBUTYNINE"
1303,"OXYCODONE"
1304,"OXYMETAZOLINE"
1305,"OXYPHENBUTAZONE"
1306,"OXYQUINOL"
1307,"OXYTETRACYCLINE"
1308,"OXYTOCINE"
1309,"PACLITAXEL"
1310,"PALIURE"
1311,"PALMITATE DE CETYLE"
1312,"PANCRELIPASE"
1313,"PANCURONIUM"
1314,"PANTOPRAZOLE"
1315,"PAPAVERINE"
1316,"PAPAYER"
1317,"PARACETAMOL"
1318,"PARAFFINE"
1319,"PARAHYDROXYBENZOATE DE BENZYLE"
1320,"PARETHOXYCAINE"
1321,"PAROMOMYCINE"
1322,"PAROXETINE"
1323,"PASSIFLORE"
1324,"PAULLINIA"
1325,"PECTINE"
1326,"PEFLOXACINE"
1327,"PENBUTOLOL"
1328,"PENCICLOVIR"
1329,"PENFLURIDOL"
1330,"PENICILLAMINE"
1331,"PENICILLINE G"
1332,"PENICILLINE V"
1333,"PENSEE SAUVAGE"
1334,"PENTAERYTHRITYLE TETRANITRATE "
1335,"PENTAMIDINE"
1336,"PENTAZOCINE"
1337,"PENTOBARBITAL"
1338,"PENTOSANE POLYSULFATE DE SODIUM"
1339,"PENTOSTATINE"
1340,"PENTOXIFYLLINE"
1341,"PENTOXYVERINE"
1342,"PEPSINE"
1343,"PERBORATE DE SODIUM"
1344,"PERGOLIDE"
1345,"PERHEXILINE"
1346,"PERINDOPRIL"
1347,"PERMETHOL"
1348,"PERMETHRINE"
1349,"PEROXYDE DE BENZOYLE"
1350,"PEROXYDE D'HYDROGENE"
1351,"PERPHENAZINE"
1352,"PETHIDINE"
1353,"PETIT HOUX"
1354,"PETITE CENTAUREE"
1355,"PHENACETINE"
1356,"PHENAZONE"
1357,"PHENAZOPYRIDINE"
1358,"PHENINDIONE"
1359,"PHENIRAMINE"
1360,"PHENOBARBITAL"
1361,"PHENOL"
1362,"PHENOLPHTALEINE"
1363,"PHENOPERIDINE"
1364,"PHENOTRINE"
1365,"PHENYLALANINE"
1366,"PHENYLBUTAZONE"
1367,"PHENYLEPHRINE"
1368,"PHENYLPROPANOLAMINE"
1369,"PHENYLTOLOXAMINE CATIORESINE SULFONATE"
1370,"PHENYLTOLOXAMINE CITRATE"
1371,"PHENYTOINE"
1372,"PHLOROGLUCINOL HYDRATE"
1373,"PHOLCODINE"
1374,"PHOSPHATE DIPOTASSIQUE"
1375,"PHOSPHATE DISODIQUE"
1376,"PHOSPHATE MONOCALCIQUE"
1377,"PHOSPHATE MONOSODIQUE"
1378,"PHOSPHATE POTASSIQUE"
1379,"PHOSPHORYLCHOLINE MAGNESIENNE"
1380,"PHYLLANTUS"
1381,"PHYTOLAQUE"
1382,"PHYTOMENADIONE"
1383,"PICLOXYDINE"
1384,"PICOLAMINE SALICYLATE"
1385,"PICOSULFATE DE SODIUM"
1386,"PILOCARPINE"
1387,"PILOSELLE"
1388,"PIMETHIXENE"
1389,"PIMOZIDE"
1390,"PINAVERIUM"
1391,"PINDOLOL"
1392,"PIPAMPERONE"
1393,"PIPERACILLINE"
1394,"PIPERAZINE"
1395,"PIPOBROMAN"
1396,"PIPOTIAZINE"
1397,"PIRACETAM"
1398,"PIRARUBICINE"
1399,"PIRBUTEROL"
1400,"PIRETANIDE"
1401,"PIRIBEDIL"
1402,"PIRISUDANOL"
1403,"PIROXICAM"
1404,"PIRPROFENE"
1405,"PISCIDIA"
1406,"PISSENLIT"
1407,"PITOFENONE"
1408,"PIVAMPICILLINE"
1409,"PIVMECILLINAM"
1410,"PIZOTIFENE"
1411,"PNEUMOCOQUE"
1412,"PODOPHYLLOTOXINE"
1413,"POLICRESULENE"
1414,"POLIDOCANOL"
1415,"POLOXAMERE"
1416,"POLYGALA"
1417,"POLYGEEANE"
1418,"POLYGELINE"
1419,"POLYMYXINE B"
1420,"POLYSORBATE"
1421,"POLYSTYRENE SULFONATE DE SODIUM"
1422,"POLYTHIAZIDE"
1423,"POLYVIDONE IODEE"
1424,"POLYVINYLPOLYPYRROLIDONE"
1425,"PORFIMERE SODIQUE"
1426,"POTASSIUM ANTIMONIOTARTRATE"
1427,"POTASSIUM ASPARTATE"
1428,"POTASSIUM BROMURE"
1429,"POTASSIUM CHLORURE"
1430,"POTASSIUM CITRATE"
1431,"POTASSIUM GLUCONATE"
1432,"POTASSIUM GLYCEROPHOSPHATE"
1433,"POTASSIUM SULFATE"
1434,"POTASSIUM TARTRATE"
1435,"POUDRE DE PANCREAS"
1436,"PRALIDOXIME"
1437,"PRAMOCAINE"
1438,"PRAVASTATINE"
1439,"PRAZEPAM"
1440,"PRAZIQUANTEL"
1441,"PRAZOSINE"
1442,"PREDNISOLONE"
1443,"PREDNISONE"
1444,"PRELE"
1445,"PRIFINIUM"
1446,"PRILOCAINE"
1447,"PRIMIDONE"
1448,"PRISTINAMYCINE"
1449,"PROBUCOL"
1450,"PROCAINE"
1451,"PROCARBAZINE"
1452,"PROGABIDE"
1453,"PROGESTERONE"
1454,"PROGUANIL"
1455,"PROLINTANE"
1456,"PROMEGESTONE"
1457,"PROMESTRIENE"
1458,"PROMETHAZINE"
1459,"PROPACETAMOL"
1460,"PROPAFENONE"
1461,"PROPANTHELINE"
1462,"PROPERICIAZINE"
1463,"PROPOFOL"
1464,"PROPRANOLOL"
1465,"PROPYLTHIOURACILE"
1466,"PROSCILLARIDINE"
1467,"PROTAMINE"
1468,"PROTEASE"
1469,"PROTEUS VULGARIS (FRACTIONS ANTIGENIQUES DE)"
1470,"PROTIRELINE"
1471,"PROTOXYDE D'AZOTE"
1472,"PROXIBARBAL"
1473,"PROZAPINE"
1474,"PRUNIER D'AFRIQUE"
1475,"PSEUDOEPHEDRINE"
1476,"PSYLLIUM"
1477,"PYRANTEL"
1478,"PYRAZINAMIDE"
1479,"PYRETHRE"
1480,"PYRIDOSTIGMINE"
1481,"PYRIDOXINE"
1482,"PYRIMETHAMINE"
1483,"PYRITINOL"
1484,"PYROXYLIN"
1485,"PYRVINIUM"
1486,"QUASSIA"
1487,"QUINAGOLIDE"
1488,"QUINAPRIL"
1489,"QUINIDINE"
1490,"QUININE"
1491,"QUINISOCAINE"
1492,"QUINQUINA"
1493,"QUINUPRAMINE"
1494,"RABEPRAZOLE"
1495,"RALOXIFENE"
1496,"RALTITREXED"
1497,"RAMIPRIL"
1498,"RANITIDINE"
1499,"RAUBASINE"
1500,"REGLISSE"
1501,"REINE DES PRES"
1502,"REMIFENTANIL"
1503,"RESERPINE"
1504,"RESORCINOL"
1505,"RETEPLASE"
1506,"RETINOL"
1507,"REVIPARINE"
1508,"RHAPONTIC"
1509,"RHUBARBE"
1510,"RIBAVIRINE"
1511,"RIBOFLAVINE"
1512,"RIBONUCLEASE"
1513,"RIFABUTINE"
1514,"RIFAMPICINE"
1515,"RIFAMYCINE"
1516,"RILMENIDINE"
1517,"RILUZOLE"
1518,"RIMANTADINE"
1519,"RISPERIDONE"
1520,"RITIOMETAN"
1521,"RITODRINE"
1522,"RITONAVIR"
1523,"RITUXIMAB"
1524,"RIVASTIGMINE"
1525,"ROCURONIUM"
1526,"ROMARIN"
1527,"ROPINIROLE"
1528,"ROPIVACAINE"
1529,"ROSOXACINE"
1530,"ROXITHROMYCINE"
1531,"RUSCOGENINES"
1532,"RUTOSIDE"
1533,"SACCHARINE"
1534,"SACCHAROMYCES BOULARDII"
1535,"SALBUTAMOL"
1536,"SALICAIRE"
1537,"SALICYLAMIDE"
1538,"SALICYLATE D'AMYLE"
1539,"SALICYLATE DE BENZYLE"
1540,"SALICYLATE DE DIETHYLAMINE"
1541,"SALICYLATE DE METHYLE"
1542,"SALICYLATE DE PHENYLPROPYLE"
1543,"SALICYLATE DE PROPYLENE GLYCOL"
1544,"SALICYLATE D'ETHYLENE GLYCOL"
1545,"SALMETEROL"
1546,"SALOL"
1547,"SAMARIUM"
1548,"SAPONAIRE"
1549,"SAQUINAVIR"
1550,"SASSAFRAS"
1551,"SAUGE"
1552,"SAULE"
1553,"SCOPOLAMINE"
1554,"SECNIDAZOLE"
1555,"SECOBARBITAL"
1556,"SELEGILINE"
1557,"SELENIUM"
1558,"SENE"
1559,"SERENOA REPENS"
1560,"SERPOLET"
1561,"SERRAPEPTASE"
1562,"SERTACONAZOLE"
1563,"SERTRALINE"
1564,"SEVOFLURANE"
1565,"SILDENAFIL"
1566,"SILICATE DE SODIUM"
1567,"SILICE"
1568,"SILICE COLLOIDALE"
1569,"SILYMARINE"
1570,"SIMVASTATINE"
1571,"SISOMICINE"
1572,"SODIUM ACETATE"
1573,"SODIUM ALUMINOSILICATE"
1574,"SODIUM BICARBONATE"
1575,"SODIUM BORATE"
1576,"SODIUM BROMURE"
1577,"SODIUM CARBONATE"
1578,"SODIUM CHLORURE"
1579,"SODIUM CITRATE"
1580,"SODIUM CYCLAMATE"
1581,"SODIUM DIBUNATE"
1582,"SODIUM DOCUSATE"
1583,"SODIUM EDETATE"
1584,"SODIUM FORMIATE"
1585,"SODIUM GLYCEROPHOSPHATE"
1586,"SODIUM HYDROGENOPHOSPHATE"
1587,"SODIUM HYPOCHLORITE"
1588,"SODIUM LACTATE"
1589,"SODIUM LAURYLSULFATE"
1590,"SODIUM LAURYLSULFOACETATE"
1591,"SODIUM MONOFLUOROPHOSPHATE"
1592,"SODIUM PROPIONATE"
1593,"SODIUM SALICYLATE"
1594,"SODIUM SUCCINATE"
1595,"SODIUM SULFATE"
1596,"SODIUM SULFOSILICOALUMINATE"
1597,"SODIUM TARTRATE"
1598,"SODIUM TENOATE"
1599,"SODIUM THIOSULFATE"
1600,"SOLIDAGE"
1601,"SOMATOSTATINE"
1602,"SOMATROPINE"
1603,"SON DE BLE"
1604,"SORBITOL"
1605,"SOTALOL"
1606,"SOUCI"
1607,"SOUCI DES JARDINS"
1608,"SOUFRE PRECIPITE"
1609,"SOUFRE SUBLIME LAVE"
1610,"SPARFLOXACINE"
1611,"SPECTINOMYCINE"
1612,"SPIGELIE ANTHELMINTIQUE"
1613,"SPIRAMYCINE"
1614,"SPIRONOLACTONE"
1615,"STAPHYLOCOCCUS AUREUS (FRACTIONS ANTIGENIQUES DE)"
1616,"STAVUDINE"
1617,"STERCULIA"
1618,"STREPTOCOCCUS (FRACTIONS ANTIGENIQUES DE)"
1619,"STREPTOCOCCUS PNEUMONIAE (FRACTIONS ANTIGENIQUES DE)"
1620,"STREPTOCOCCUS PNEUMONIAE (FRACTIONS RIBOSOMALES DE"
1621,"STREPTOCOCCUS PYOGENES (FRACTIONS ANTIGENIQUES DE)"
1622,"STREPTOCOCCUS PYOGENES (FRACTIONS RIBOSOMALES DE)"
1623,"STREPTOCOQUE"
1624,"STREPTOKINASE"
1625,"STREPTOZOCINE"
1626,"STRONTIUM"
1627,"STRYCHNINE"
1628,"SUCCIMER"
1629,"SUCCINIMIDE"
1630,"SUCRALFATE"
1631,"SUFENTANIL"
1632,"SULBACTAM"
1633,"SULBUTIAMINE"
1634,"SULCONAZOLE"
1635,"SULFACETAMIDE"
1636,"SULFADIAZINE"
1637,"SULFADOXINE"
1638,"SULFAFURAZOLE"
1639,"SULFAGUANIDINE"
1640,"SULFAMETHIZOL"
1641,"SULFAMETHOXAZOLE"
1642,"SULFAMETROLE"
1643,"SULFASALAZINE"
1644,"SULFASUCCINAMIDE"
1645,"SULFIRAM"
1646,"SULFORUTINE"
1647,"SULFURE DE SODIUM"
1648,"SULINDAC"
1649,"SULPIRIDE"
1650,"SULPROSTONE"
1651,"SULTOPRIDE"
1652,"SUMATRIPTAN"
1653,"SUXAMETHONIUM"
1654,"SYNEPHRINE CHLORHYDRATE"
1655,"SYNEPHRINE TARTRATE"
1656,"TACALCITOL"
1657,"TACRINE"
1658,"TACROLIMUS"
1659,"TALC"
1660,"TAMARIN"
1661,"TAMOXIFENE"
1662,"TAMSULOSINE"
1663,"TANIN"
1664,"TARTRATE ACIDE DE POTASSIUM"
1665,"TAZAROTENE"
1666,"TAZOBACTAM"
1667,"TECLOTHIAZIDE"
1668,"TEICOPLANINE"
1669,"TEMAZEPAM"
1670,"TENIPOSIDE"
1671,"TENONITROZOLE"
1672,"TENOXICAM"
1673,"TERAZOSINE"
1674,"TERBINAFINE"
1675,"TERBUTALINE"
1676,"TEREBENTHINE"
1677,"TERFENADINE"
1678,"TERLIPRESSINE"
1679,"TERNIDAZOLE"
1680,"TERPINE"
1681,"TERPINEOL"
1682,"TERPINOL"
1683,"TERTATOLOL"
1684,"TESTOSTERONE"
1685,"TETRACAINE"
1686,"TETRACOSACTIDE"
1687,"TETRACYCLINE"
1688,"TETRADECYL SULFATE DE SODIUM"
1689,"TETRAZEPAM"
1690,"TETROFOSMIN"
1691,"TETRYZOLINE"
1692,"THALIDOMIDE"
1693,"THE VERT"
1694,"THEODRENALINE"
1695,"THEOPHYLLINE"
1696,"THIABENDAZOLE"
1697,"THIAMINE"
1698,"THIAMPHENICOL"
1699,"THIETHYLPERAZINE"
1700,"THIOCOLCHICOSIDE"
1701,"THIOMERSAL"
1702,"THIOPENTAL"
1703,"THIOPROPERAZINE"
1704,"THIORIDAZINE"
1705,"THIOSULFATE DE SODIUM"
1706,"THIOTEPA"
1707,"THIOUREE"
1708,"THUYA"
1709,"THYM"
1710,"THYMIDINE"
1711,"THYMOL"
1712,"THYMUS"
1713,"THYROIDES"
1714,"THYROXINE"
1715,"TIADENOL"
1716,"TIAGABINE"
1717,"TIANEPTINE"
1718,"TIAPRIDE"
1719,"TICARCILLINE"
1720,"TICLOPIDINE"
1721,"TIEMONIUM"
1722,"TILBROQUINOL"
1723,"TILIQUINOL"
1724,"TILLEUL"
1725,"TIMOLOL"
1726,"TINIDAZOLE"
1727,"TINZAPARINE"
1728,"TIOCLOMAROL"
1729,"TIOCONAZOLE"
1730,"TIOPRONINE"
1731,"TIRATRICOL"
1732,"TITANE DIOXYDE"
1733,"TIXOCORTOL"
1734,"TOBRAMYCINE"
1735,"TOCOPHEROL"
1736,"TOFISOPAM"
1737,"TOLNAFTATE"
1738,"TOLOXATONE"
1739,"TOLTERODINE"
1740,"TOPIRAMATE"
1741,"TOPOTECAN"
1742,"TOSYLCHLORAMIDE SODIQUE"
1743,"TOXINE BOTULIQUE"
1744,"TRAMADOL"
1745,"TRANDOLAPRIL"
1746,"TRAZODONE"
1747,"TRETINOINE"
1748,"TRIAMCINOLONE"
1749,"TRIAMTERENE"
1750,"TRIAZOLAM"
1751,"TRIBENOSIDE"
1752,"TRICLOCARBAN"
1753,"TRICLOFENOL ET PHOSPHATE DE TRIISOBUTYLE"
1754,"TRIFLUOPERAZINE"
1755,"TRIFLUPERIDOL"
1756,"TRIFLURIDINE"
1757,"TRIHEXYPHENIDYLE"
1758,"TRIMEBUTINE"
1759,"TRIMETAZIDINE"
1760,"TRIMETHOPRIME"
1761,"TRIMETHYLPHLOROGLUCINOL"
1762,"TRIMETREXATE"
1763,"TRIMIPRAMINE"
1764,"TRINITRINE"
1765,"TRIPHOSADENINE"
1766,"TRIPROLIDINE"
1767,"TRIPTORELINE"
1768,"TRITOQUALINE"
1769,"TROLAMINE"
1770,"TROLEANDOMYCINE"
1771,"TROMETAMOL"
1772,"TROPATEPINE"
1773,"TROPICAMIDE"
1774,"TROPISETRON"
1775,"TROXERUTINE"
1776,"TRYPSINE"
1777,"TRYPTOPHANE"
1778,"TUAMINOHEPTANE"
1779,"TUBERCULINE"
1780,"TYMAZOLINE"
1781,"TYROSINE"
1782,"TYROTHRICINE"
1783,"URAPIDIL"
1784,"URATE-OXYDASE"
1785,"UREE"
1786,"URIDINE"
1787,"URIDINE TRIPHOSPHATE"
1788,"UROFOLLITROPINE"
1789,"UROKINASE"
1790,"VACCIN BCG"
1791,"VACCIN COQUELUCHE"
1792,"VACCIN DIPHTERIE"
1793,"VACCIN FIEVRE JAUNE"
1794,"VACCIN GRIPPE"
1795,"VACCIN HAEMOPHILUS TYPE B"
1796,"VACCIN HEPATITE A"
1797,"VACCIN HEPATITE B"
1798,"VACCIN LEPTOSPIRES"
1799,"VACCIN MENINGOCOQUE A"
1800,"VACCIN MENINGOCOQUE C"
1801,"VACCIN OREILLON"
1802,"VACCIN PNEUMOCOCCIQUE"
1803,"VACCIN POLIO"
1804,"VACCIN RAGE"
1805,"VACCIN ROUGEOLE"
1806,"VACCIN RUBEOLE"
1807,"VACCIN TETANOS"
1808,"VACCIN TYPHOIDE"
1809,"VACCIN VARICELLE"
1810,"VALACICLOVIR"
1811,"VALERIANE"
1812,"VALINE"
1813,"VALPROMIDE"
1814,"VALSARTAN"
1815,"VANCOMYCINE"
1816,"VASELINE"
1817,"VECURONIUM"
1818,"VENLAFAXINE"
1819,"VERALIPRIDE"
1820,"VERAPAMIL"
1821,"VERATROL"
1822,"VIBURNUM"
1823,"VIDARABINE"
1824,"VIGABATRIN"
1825,"VIGNE ROUGE"
1826,"VILOXAZINE"
1827,"VINBARBITAL"
1828,"VINBLASTINE"
1829,"VINBURNINE"
1830,"VINCAMINE"
1831,"VINCRISTINE"
1832,"VINDESINE"
1833,"VINORELBINE"
1834,"VIOLET CRISTALLISE"
1835,"WARFARINE"
1836,"XANTHINOL NICOTINATE"
1837,"XIBORNOL"
1838,"XIPAMIDE"
1839,"XYLENE"
1840,"YOHIMBINE"
1841,"ZALCITABINE"
1842,"ZANAMIVIR"
1843,"ZIDOVUDINE"
1844,"ZINC"
1845,"ZINC CARBONATE"
1846,"ZINC GLUCONATE"
1847,"ZINC OXYDE"
1848,"ZINC PEROXYDE"
1849,"ZINC PIDOLATE"
1850,"ZINC SULFATE"
1851,"ZOLMITRIPTAN"
1852,"ZOLPIDEM"
1853,"ZOPICLONE"
1854,"ZORUBICINE"
1855,"ZUCLOPENTHIXOL"
1856,"RUSCUS ACULEATUS"
1857,"IMIDAPRIL"
1858,"ROFECOXIB"
1859,"CELECOXIB"
1860,"NABUMETONE"
1861,"LEVOFLOXACINE"
1862,"BRINZOLAMIDE"
1863,"AMPRENAVIR"
1864,"LOPINAVIR"
1865,"OSELTAMIVIR"
1866,"DICHLOROPHENE"
1867,"KETOROLAC TROMETHAMINE"
1868,"SIBUTRAMINE"
1869,"ANAGRELIDE"
1870,"GADODIAMIDE"
1871,"CREOSOTE"
1872,"REPAGLINIDE"
1873,"ATOSIBAN"
1874,"RIMEXOLONE"
1875,"TRIENTINE TETRACHLORHYDRATE"
1876,"SIROLIMUS"
1877,"ETANERCEPT"
1878,"INFLIXIMAB"
1879,"LEFLUNOMIDE"
1880,"ADEFOVIR"
1881,"IMATINIB"
1882,"OXCARBAZEPINE"
1884,"BUPROPION"
1885,"LEVETIRACETAM"
1886,"TENOFOVIR"
1887,"LERCANIDIPINE"
1888,"ETONOGESTREL"
1889,"EPROSARTAN"
1890,"DESLORATADINE"
1891,"IMIQUIMOD"
1892,"DINOPROST"
1893,"ESOMEPRAZOLE"
1894,"TEMOZOLOMIDE"
1895,"DROSPIRENONE"
1896,"TECHNECIUM"
1897,"ACIDE RISEDRONIQUE"
1898,"AMINEXIL"
1899,"MYRISTATE D'ISOPROPYLE"
1900,"TRAVOPROST"
1901,"XYLOMETAZOLINE"
1902,"LITHIUM CITRATE"
1903,"BISMUTH NITRATE"
1904,"CUIVRE ELEMENT MINERAL"
1905,"OR ELEMENT MINERAL"
1906,"URANIUM"
1907,"HUILE ESSENTIELLE DE PERSIL"
1908,"HUILE DE TOURNESOL"
1909,"TELITHROMYCINE"
1910,"TIBOLONE"
1911,"CLENBUTEROL"
1912,"METHOPRENE"
1913,"PRASTERONE"
1914,"ESCITALOPRAM"
1915,"EBASTINE"
1916,"ZINC ACETATE"
1917,"LEVOCETIRIZINE"
1918,"GONADOTROPHINE HUMAINE MENOPAUSIQUE"
1919,"MAZINDOL"
1920,"GLATIRAMERE"
1921,"BIMATOPROST"
1922,"MOXIFLOXACINE"
1923,"ANTITHROMBINE"
1924,"ALMOTRIPTAN"
1925,"BIMATOPROST"
1926,"ELETRIPTAN"
1927,"HUILE ESSENTIELLE DE LAVANDIN"
1928,"HYDROMORPHONE"
1929,"RIZATRIPTAN"
1930,"SOUFRE ELEMENT MINERAL"
1931,"TIOGUANINE"
1932,"VORICONAZOLE"
1933,"ZINC UNDECYCLENATE"
1934,"IMMUNOGLOBULINE ANTI-D"
1935,"MEGLUMINE GADOBENATE"
1936,"TELMISARTAN"
1937,"ARTEMETHER"
1938,"LUMEFANTRINE"
1939,"VALGANCICLOVIR"
1940,"ZOFENOPRIL"
1941,"METHACHOLINE"
1942,"MILLEPERTUIS"
1943,"BOSENTAN"
1944,"AZIDE DE SODIUM"
1945,"ACIDE PANTOTHENIQUE"
1946,"VALDECOXIB"
1947,"PARECOXIB"
1948,"ETORICOXIB"
1949,"LUMIRACOXIB"
1950,"EMTRICITABINE"
1951,"ARIPIPRAZOLE"
1952,"AMANDE DOUCE"
1953,"MIMOSA EXTRAIT"
1954,"DARBOPOIETIN ALFA"
1955,"DARIFENACINE"
1956,"SOLIFENACINE"
1957,"TROSPIUM"
1958,"CHLORPHENAMINE"
1959,"ROSUVASTATINE"
1960,"TRASTUZUMAB"
1961,"HIRUDO MEDICINALIS EXTRAIT"
1962,"INSULINE GLARGINE"
1963,"MONOXYDE D'AZOTE"
1964,"INTERFERON ALFA PEGYLE"
1965,"ATAZANAVIR"
1966,"PHENOXYETHANOL"
1967,"FOSAMPRENAVIR"
1968,"VERTEPORFINE"
1969,"TETRABENAZINE"
1970,"ZIPRASIDONE"
1971,"FOMEPIZOLE"
1972,"METHYLTHIONINIUM CHLORURE"
1973,"GAIACOL"
1974,"ARTEMISINE"
1975,"ACIDE RETINOIQUE"
1976,"ADALIMUMAB"
1977,"AJMALINE"
1978,"PIOGLITAZONE"
1979,"ROSIGLITAZONE"
1980,"NEBIVOLOL"
1981,"EPINASTINE"
1982,"OLMESARTAN"
1983,"GEFITINIB"
1984,"ERLOTINIB"
1985,"SUNITINIB"
1986,"SORAFENIB"
1987,"DASATINIB"
1988,"ZONISAMIDE"
1989,"PREGABALINE"
1990,"STIRIPENTOL"
1991,"FONDAPARINUX"
1992,"SOUFRE HEXAFLUORURE"
1993,"TARGRETIN"
1994,"LENALIDOMIDE"
1995,"RIMONABANT"
1996,"BEXAROTENE"
1997,"ENFUVIRTIDE"
1998,"ENTECAVIR"
1999,"TELBIVUDINE"
2000,"EZETIMIBE"
2001,"VARENICLINE"
2002,"IMMUNOGLOBULINE ANTI VARICELLE-ZONA"
2003,"VACCINS ENCEPHALITE TRANSMISE PAR TIQUES"
2004,"VACCIN PAPILLOMAVIRUS"
2005,"OMALIZUMAB"
2006,"TIOTROPIUM"
2007,"ACECLOFENAC"
2008,"DULOXETINE"
2009,"BENZNIDAZOLE"
2010,"FROVATRIPTAN"
2011,"NATALIZUMAB"
2012,"DUTASTERIDE"
2013,"OXYGENE"
2014,"PRAMIPEXOLE"
2015,"DARUNAVIR"
2016,"CERTOLIZUMAB"
2017,"INSULINE ASPARTE"
2018,"INSULINE LISPRO"
2019,"INSULINE GLULISINE"
2020,"NEISSERIA MENING POLYOSIDE A"
2021,"NEISSERIA MENING POLYOSIDE C"
2022,"NEISSERIA MENING POLYOSIDE W135"
2023,"NEISSERIA MENING POLYOSIDE Y"
2024,"DEFERASIROX"
2025,"CASPOFUNGINE"
2026,"EVEROLIMUS"
2027,"ETHYLENE DIAMINE TETRAACETIQUE ACIDE"
2028,"ETHIDIUM CHLORURE"
2029,"ETHIDIUM BROMURE"
2030,"INSULINE HUMAINE RECOMBINANTE ISOPHANE"
2031,"INSULINE DETEMIR"
2032,"LIERRE GRIMPANT FEUILLE EXTRAIT SEC HYDROALCOOLIQUE"
2033,"IMMUNOGLOBULINE EQUINE ANTIVENIN"
2035,"EXENATIDE"
2036,"COMPLEXE PROTHROMBIQUE ACTIVE"
2037,"NATEGLINIDE"
2038,"PRAMLINTIDE"
2039,"LIRAGLUTIDE"
2040,"PIPERAQUINE"
2041,"GERANIUM ESSENCE"
2042,"CHLORZOXAZONE"
2043,"VACCIN GRIPPE PANDEMIQUE FRAGMENTE H1N1"
2044,"VACCIN GRIPPE PANDEMIQUE ENTIER H1N1"
2045,"SITAGLIPTINE"
2046,"VILDAGLIPTINE"
2047,"LAPATINIB"
2048,"NILOTINIB"
2049,"TEMSIROLIMUS"
2050,"RALTEGRAVIR"
2051,"ETRAVIRINE"
2052,"HUILE DE NOIX DE COCO"
2053,"HUILE ESSENTIELLE D'ANIS"
2054,"HUILE ESSENTIELLE D'YLANG YLANG"
2055,"NORELGESTROMINE"
2056,"QUETIAPINE"
2057,"ALEMTUZUMAB"
2058,"GEMTUZUMAB"
2059,"CETUXIMAB"
2060,"BEVACIZUMAB"
2061,"PANITUMUMAB"
2062,"CATUMAXOMAB"
2063,"OFATUMOMAB"
2064,"AGOMELATINE"
2065,"IVABRADINE"
2066,"IDEBENONE"
2067,"ACIDE MYCOPHENOLIQUE"
