"oldid","nutilisation","name"
1,," Inconnu"
2,,"A 313"
3,,"A 313 POMMADE"
4,,"ABBOTICINE"
5,,"ABELCET"
6,,"ABEREL"
7,,"ABUFENE"
8,,"ACADIONE"
9,,"ACARDUST"
10,,"ACEBUTOLOL"
11,,"ACETYLCYSTEINE"
12,,"ACIDE TIAPROFENIQUE"
13,,"ACIDRINE"
14,,"ACLOSONE"
15,,"ACTAPULGITE"
16,,"ACTEBRAL"
17,,"ACT-HIB"
18,,"ACTI 5"
19,,"ACTIBIL"
20,,"ACTICARBINE"
21,,"ACTIFED"
22,,"ACTIFED EXPECTORANT"
23,,"ACTIFED JOUR ET NUIT"
24,,"ACTIFED TOUX SECHE"
25,,"ACTILYSE"
26,,"ACTISANE MINCEUR"
27,,"ACTISANE TROUBLES DU SOMMEIL"
28,,"ACTISOUFRE"
29,,"ACTITONIC"
30,,"ACTIVIR"
31,,"ACTIVOX"
32,,"ACTOSOLV UROKINASE"
33,,"ACTRAPID"
34,,"ACTRON"
35,,"ACTRONEFFIX"
36,,"ACUILIX"
37,,"ACUITEL"
38,,"ACUPAN"
39,,"ACYLANIDE"
40,,"ADALATE"
41,,"ADALGUR"
42,,"ADANCOR"
43,,"ADENA C 500"
44,,"ADENOSCAN"
45,,"ADENYL"
46,,"ADEPAL"
47,,"ADIAZINE"
48,,"ADLONE"
49,,"ADRENALINE"
50,,"ADRENOXYL"
51,,"ADRIAMYCINE"
52,,"ADRIBLASTINE"
53,,"ADRIGYL"
54,,"ADVIL"
55,,"AEQUALYRE"
56,,"AEROCID"
57,,"AETOXISCLEROL"
58,,"AFEBRYL"
59,,"AFERADOL"
60,,"AFTAGEL"
61,,"AGATHOL"
62,,"AGIOLAX"
63,,"AGRAM"
64,,"AGREAL"
65,,"AGYRAX"
66,,"AIGLONYL"
67,,"AINSCRID"
68,,"AIROMIR"
69,,"AKINDEX"
70,,"AKINETON"
71,,"AKINOPHYL"
72,,"ALBUMINE"
73,,"ALCAPHOR"
74,,"ALDACTAZINE"
75,,"ALDACTONE"
76,,"ALDALIX"
77,,"ALDOMET"
78,,"ALEPSAL"
79,,"ALFATESINE"
80,,"ALFATIL"
81,,"ALGESAL SURACTIVE"
82,,"ALGIFENE"
83,,"ALGIPAN BAUME"
84,,"ALGISEDAL"
85,,"ALGOBUSCOPAN"
86,,"ALGOPRIV"
87,,"ALGOSTERIL"
88,,"ALGOTROPYL"
89,,"ALIPASE"
90,,"ALINAM"
92,,"ALIVAL"
93,,"ALKA-SELTZER"
94,,"ALKENIDE"
95,,"ALKERAN"
96,,"ALLERGEFON"
97,,"ALLERGENES"
98,,"ALLERGODIL NASAL"
99,,"ALLOCHRYSINE"
100,,"ALLOFERINE"
101,,"ALLOPURINOL"
103,,"ALLPYRAL"
104,,"ALMIDE"
105,,"ALODONT"
106,,"ALOPEXY"
107,,"ALOPLASTINE"
108,,"ALOSTIL"
109,,"ALPAGELLE"
110,,"ALPHA-AMYLASE"
111,,"ALPHACAINE"
112,,"ALPHACHYMOTRYPSINE COMPRIME"
113,,"ALPHACHYMOTRYPSINE POMMADE"
114,,"ALPHACUTANEE"
115,,"ALPHAGAN"
116,,"ALPHINTERN"
117,,"ALPHOSYL"
118,,"ALPRESS"
119,,"ALTIM"
120,,"ALTOCEL"
121,,"ALUPENT"
122,,"ALVITYL"
123,,"ALYOSTAL"
124,,"AMAREL"
125,,"AMBISOME"
126,,"AMBROXOL"
127,,"AMETYCINE"
128,,"AMFEPRAMONE"
129,,"AMIKLIN"
130,,"AMINSANE"
131,,"AMIODARONE"
132,,"AMLOR"
133,,"AMODEX"
134,,"AMOPHAR"
135,,"AMOXICILLINE"
136,,"AMPECYCLAL"
137,,"AMPHOCYCLINE"
138,,"AMPHOCYCLINE VAGINAL"
139,,"AMPICILLINE"
140,,"AMSIDINE"
141,,"AMUKINE"
142,,"AMYCOR"
143,,"AMYCOR ONYCHOSET"
144,,"AMYCYCLINE"
145,,"AMYGDOL"
146,,"AMYGDORECTOL"
147,,"AMYLODIASTASE THEPENIER"
148,,"ANAFRANIL"
149,,"ANAHELP"
150,,"ANAKIT"
151,,"ANALGYL"
152,,"ANANDRON"
153,,"ANANXYL"
154,,"ANAUSIN"
155,,"ANAXERYL"
156,,"ANCOTIL"
157,,"ANDRACTIM"
158,,"ANDROCUR"
159,,"ANDROTARDYL"
160,,"ANEXATE"
161,,"ANGIOPHTAL"
162,,"ANOREINE"
163,,"ANOREX"
164,,"ANSATIPINE"
165,,"ANTADYS"
166,,"ANTAGOSAN"
167,,"ANTALVIC"
168,,"ANTALYRE"
169,,"ANTARENE"
170,,"ANTASTHENE"
171,,"ANTEBOR"
172,,"ANTIBIO-ABEREL"
173,,"ANTIBIO-SYNALAR"
174,,"ANTIBIOTULLE LUMIERE"
175,,"ANTIGOUTTEUX REZALL"
176,,"ANTIGRIPPINE"
177,,"ANTI-H"
178,,"ANTI-HEMORROIDAIRES CASSENNE POMMADE"
179,,"ANTI-HEMORROIDAIRES CASSENNE SUPPO"
180,,"ANTIMUCOSE"
181,,"ANTINERVEUX LESOURD"
182,,"ANTIPHLOGISTINE"
183,,"ANTISEPTIQUE CALMANTE"
184,,"ANUSOL"
185,,"ANXORAL"
186,,"ANXYREX"
187,,"ANY 8%"
188,,"ANZEMET"
189,,"AOTAL"
190,,"APACEF"
191,,"APAISYL"
192,,"APAROXAL"
193,,"APEGMONE"
194,,"APHILAN"
195,,"APHLOINE"
196,,"APHTIRIA"
197,,"APOKINON"
198,,"APRANAX"
199,,"APROVEL"
200,,"APURONE"
201,,"ARACYTINE"
202,,"ARCALION"
203,,"ARCHITEX"
204,,"AREDIA"
205,,"ARESTAL"
206,,"ARGININE VEYRON"
207,,"ARGINOTRI B"
208,,"ARHEMAPECTINE BUVABLE"
209,,"ARICEPT"
210,,"ARIMIDEX"
211,,"ARKOGELULE"
212,,"ARKOPHYTUM"
213,,"ARMOCYCLAR"
214,,"ARMOPHYLLINE"
215,,"ARNICAN"
216,,"ARNILOSE"
217,,"AROLAC"
218,,"AROMASOL"
219,,"AROVIT"
220,,"ARPHOS"
221,,"ARSACOL"
222,,"ART 50"
223,,"ARTANE"
224,,"ARTERASE"
225,,"ARTEX"
226,,"ARTHROCINE"
227,,"ARTHRODONT"
228,,"ARTISIAL"
229,,"ARTOTEC"
230,,"ARTROSAN"
231,,"ASASANTINE"
232,,"ASCABIOL"
233,,"ASCENCYL"
234,,"ASCOFER"
235,,"ASCORBATE DE CALCIUM RICHARD"
236,,"ASCORTONYL"
237,,"ASPARTAM"
238,,"ASPEGIC"
239,,"ASPIRINE"
240,,"ASPIRINE VITAMINE C"
241,,"ASPIRISUCRE"
242,,"ASPRO"
243,,"ASPRO VITAMINE C"
244,,"ASPROACCEL"
245,,"ASSUR"
246,,"ASTYL"
247,,"ATACAND"
248,,"ATARAX"
249,,"ATEBEMYXINE"
250,,"ATENOLOL"
251,,"ATEPADENE"
252,,"ATHYMIL"
253,,"ATOUCLINE"
254,,"ATOUCLINE EXPECTORANT"
255,,"ATRICAN"
256,,"ATRIUM"
257,,"ATROPINE"
258,,"ATROVENT"
259,,"ATURGYL"
260,,"AUBELINE ARKOGELULES"
261,,"AUBEPINE"
262,,"AUGMENTIN"
263,,"AUREOMYCINE"
264,,"AURICULARUM"
265,,"AURISTAN"
266,,"AUXERGYL"
267,,"AUXITRANS"
268,,"AVAFORTAN"
269,,"AVAXIM"
270,,"AVIBON"
271,,"AVIBON POMMADE"
272,,"AVLOCARDYL"
273,,"AVONEX"
274,,"AXEPIM"
275,,"AXONYL"
276,,"AZACTAM"
277,,"AZADOSE"
278,,"AZANTAC"
279,,"AZEDAVIT"
280,,"AZINC COMPLEXE"
281,,"AZYM"
282,,"B CHABRE"
283,,"BACAMPICINE"
284,,"BACICOLINE BACITRACINE"
285,,"BACILOR"
286,,"BACITRACINE MARTINET"
287,,"BACLOFENE"
288,,"BACTISUBTIL"
289,,"BACTOX"
290,,"BACTRIM"
291,,"BACTROBAN"
292,,"B.A.L."
293,,"BALSAMORHINOL"
294,,"BALSOFULMINE (Simple ou menthol√©e)"
295,,"BALSOLENE"
296,,"BARALGINE"
297,,"BARNETIL"
298,,"BASDENE"
299,,"BAUME AROMA"
300,,"BAUME BENGUE"
301,,"BAUME LE THERMOGENE"
302,,"BAYPEN"
303,,"BAYPRESS"
304,,"BECANTEX"
305,,"BECILAN"
306,,"BECLOJET"
307,,"BECLO-RHINO"
308,,"BECONASE"
309,,"BECOTIDE"
310,,"BECOZYME"
311,,"BEDELIX"
312,,"BEFIZAL"
313,,"BEFLAVINE"
314,,"BELLADENAL"
315,,"BELLERGAL"
316,,"BEMARSAL"
317,,"BENADRYL"
318,,"BENERVA"
319,,"BENTOS"
320,,"BENZALKONIUM"
321,,"BENZODODECINIUM"
322,,"BEPANTHENE"
323,,"BEPANTHENE ONGUENT"
324,,"BEPRANE"
325,,"BEROCCA"
326,,"BEROTEC"
327,,"BETA-ADALATE"
328,,"BETA CAROTENE"
329,,"BETADINE"
330,,"BETAFERON"
331,,"BETAMETHASONE"
332,,"BETAGAN"
333,,"BETAMAZE"
334,,"BETANOL"
335,,"BETAPRESSINE"
336,,"BETASELEN"
337,,"BETATOP"
338,,"BETNESALIC"
339,,"BETNESOL"
340,,"BETNEVAL"
341,,"BETNEVAL NEOMYCINE"
342,,"BETOPTIC"
343,,"BETRIMAX"
344,,"BETRIPHOS-C"
345,,"BEVITINE"
347,,"BIAFINE"
348,,"BI-CITROL"
349,,"BICLINOCILLINE"
350,,"BICNU"
351,,"BIFIX"
352,,"BIGONIST"
353,,"BILTRICIDE"
354,,"BIOCALYPTOL-PHOLCODINE"
355,,"BIOCARDE"
356,,"BIOCIDAN COLLYRE"
357,,"BIOCIDAN PULV NASALE"
358,,"BIO-CUIVRE MANGANESE"
359,,"BIOLID"
360,,"BIO-SELENIUM"
361,,"BIOSTIM"
362,,"BIOSTIM CREME"
363,,"BIOTINE"
364,,"BIOTONE SURRENAL"
365,,"BIOVITAL"
366,,"BIOXYOL"
367,,"BIPRETERAX"
368,,"BIPROFENID"
369,,"BI-QUI-NOL"
370,,"BISEPTINE"
371,,"BISMURECTOL"
372,,"BISOLVOMYCINE"
373,,"BISOLVON"
374,,"BI-TILDIEM"
375,,"BLACKOIDS DU DR MEUR"
376,,"BLEOMYCINE"
377,,"BLEU DE METHYLENE"
378,,"BLEU EVANS"
379,,"BLEU PATENTE V"
380,,"BOLCITOL"
381,,"BOLINAN"
382,,"BONDRONAT"
383,,"BOP"
384,,"BOROCLARINE"
385,,"BOROSTYROL CREME"
386,,"BOROSTYROL SOLUTION"
387,,"BOTOX"
388,,"BRADYL"
389,,"BREVIBLOC"
390,,"BREVOXYL"
391,,"BREXIN"
392,,"BRIAZIDE"
393,,"BRICANYL"
394,,"BRIEM"
395,,"BRIETAL"
396,,"BRINALDIX"
397,,"BRISTAMOX"
398,,"BRISTOPEN"
399,,"BRITANE"
400,,"BROLITENE"
401,,"BROMAZEPAM"
402,,"BROMO-KIN"
403,,"BRONCALENE"
404,,"BRONCATHIOL"
405,,"BRONCHODERMINE POMMADE"
406,,"BRONCHODERMINE SUPPO"
407,,"BRONCHODUAL"
408,,"BRONCHOKOD"
409,,"BRONCHORECTINE"
410,,"BRONCHOSPRAY"
411,,"BRONCHYDEX"
412,,"BRONCOCLAR GRANULE"
413,,"BRONCOCLAR SIROP"
414,,"BRONCORINOL"
415,,"BRONCORINOL ETATS GRIPPAUX"
416,,"BRONCORINOL EXPECTORANT"
417,,"BRONCORINOL MAUX DE GORGE"
418,,"BRONCORINOL RHINITE"
419,,"BRONCORINOL RHINITE SOL NASALE"
420,,"BRONCORINOL TOUX SECHE AD"
421,,"BRONILIDE"
422,,"BRONKIREX"
423,,"BRUFEN"
424,,"BRULEX"
425,,"BUCASEPT"
426,,"BUCCAWALTER"
427,,"BUPIVACAINE"
428,,"BURINEX"
429,,"BUSCOPAN"
430,,"BUSPAR"
431,,"BUTAZOLIDINE"
432,,"BUTIX GEL"
433,,"CA C 1000-SANDOZ"
434,,"CACIT"
435,,"CACIT VITAMINE D3"
436,,"CADENS"
437,,"CADITAR"
438,,"CAELYX"
439,,"CAFEINE"
441,,"CALCIBRONAT"
442,,"CALCIDIA"
443,,"CALCIDOSE"
444,,"CALCIDOSE VITAMINE D"
445,,"CALCIFLUOR"
446,,"CALCIFORTE"
447,,"CALCIPARINE"
448,,"CALCIPRAT"
449,,"CALCIPRAT D3"
450,,"CALCITONINE"
451,,"CALCIUM CHLORURE"
452,,"CALCIUM EDETATE DE SODIUM"
454,,"CALCIUM-SANDOZ COMPRIME"
455,,"CALCIUM-SANDOZ INJECTABLE"
456,,"CALCIUM-VITAMINE D3"
457,,"CALDINE"
458,,"CALENDULENE"
459,,"CALGLUQUINE"
460,,"CALMADERM"
461,,"CALMIXENE"
462,,"CALMOROIDE"
463,,"CALPEROS"
464,,"CALPEROS D3"
465,,"CALPRIMUM"
466,,"CALSYN"
467,,"CALTRATE"
468,,"CALTRATE VITAMINE D3"
469,,"CALYPTOL"
470,,"CAMILINE ARKOGELULES"
471,,"CAMPEL"
472,,"CAMPHODIONYL"
473,,"CAMPHOPNEUMINE SUPPO ADULTE"
474,,"CAMPHRE"
475,,"CAMPHRICE"
476,,"CANDEREL"
477,,"CAMPTO"
478,,"CANOL"
479,,"CANTABILINE"
480,,"CANTOR"
481,,"CAPERGYL"
482,,"CAPSYL"
483,,"CAPTEA"
484,,"CAPTIREX"
485,,"CAPTOLANE"
486,,"CAPTOPRIL"
487,,"CARBOCAINE"
488,,"CARBOCISTEINE"
489,,"CARBOLEVURE"
490,,"CARBOMIX"
491,,"CARBONEX"
492,,"CARBOPHAGIX"
493,,"CARBOPHOS"
494,,"CARBOSYLANE"
495,,"CARDIOCALM"
496,,"CARDIOQUINE"
497,,"CARDIOSTA"
498,,"CARDIOXANE"
499,,"CARENCYL"
500,,"CARLYTENE"
501,,"CARLYTENE AMOBARBITAL"
502,,"CARNITINE"
503,,"CARPILO"
504,,"CARTEOL"
505,,"CARUDOL"
506,,"CARYOLYSINE"
507,,"CASODEX"
508,,"CATACOL"
509,,"CATALGINE"
510,,"CATAPRESSAN"
511,,"CATARIDOL"
512,,"CATARSTAT"
513,,"CAVERJECT"
514,,"CEBEDEXACOL"
515,,"CEBEMYXINE"
516,,"CEBENICOL"
517,,"CEBERA"
518,,"CEBESINE"
519,,"CEBUTID"
520,,"CEDILANIDE"
521,,"CEFACET"
522,,"CEFACIDAL"
523,,"CEFADROXIL"
524,,"CEFALEXINE"
525,,"CEFALINE HAUTH"
526,,"CEFALINE-PYRAZOLE"
527,,"CEFALOJECT"
528,,"CEFALOTINE"
529,,"CEFAMANDOLE"
530,,"CEFAPEROS"
531,,"CEFAPYRINE"
532,,"CEFAZOLINE"
533,,"CEFIREX"
534,,"CEFIZOX"
535,,"CEFOBIS"
536,,"CEFODOX"
537,,"CEFRADINE"
538,,"CEFROM"
539,,"CELECTOL"
540,,"CELESTAMINE"
541,,"CELESTENE"
542,,"CELESTODERM CREME OU POMMADE"
543,,"CELIPTIUM"
544,,"CELLCEPT"
545,,"CELLTOP"
546,,"CELLUVISC"
547,,"CELNIUM"
548,,"CELOCURINE"
549,,"CEMAFLAVONE"
550,,"CEMIX"
551,,"CENTRALGOL"
552,,"CENTROPHENE"
553,,"CEPAZINE"
554,,"CEPEVIT"
555,,"CEPHALGAN"
556,,"CEPHYL"
557,,"CEPOREXINE"
558,,"CEQUINYL"
559,,"CERAT ROCHE POSAY"
560,,"CEREBROL"
561,,"CERNEVIT"
562,,"CERUBIDINE"
563,,"CERULYSE"
564,,"CERUMENOL"
565,,"CERVAGEME"
566,,"CERVILANE"
567,,"CERVOXAN"
568,,"CETAFEINE PARACETAMOL-CAFEINE"
569,,"CETAVLON"
570,,"CETOGLUTARAN"
571,,"CETORNAN"
572,,"CETYLYRE"
573,,"CHARBON DE BELLOC"
574,,"CHARLIEU ANTI-POUX"
575,,"CHELATRAN"
576,,"CHENODEX"
577,,"CHIBRO-ATROPINE"
578,,"CHIBRO-BORALINE"
579,,"CHIBRO-CADRON "
580,,"CHIBRO-PILOCARPINE"
581,,"CHIBRO-PROSCAR"
582,,"CHIBROXINE"
583,,"CHLORAL"
584,,"CHLORAMINOPHENE"
585,,"CHLORAMMONIC"
586,,"CHLORHEXIDINE"
587,,"CHLOROMAGNESION"
588,,"CHLORUMAGENE"
589,,"CHOLEODORON"
590,,"CHOLSTAT"
591,,"CHONDROSULF"
592,,"CHOPHYTOL"
593,,"CHROMARGON"
594,,"CHRONADALATE"
595,,"CHRONEXAN"
596,,"CHRONO-INDOCID"
597,,"CHRONOTROPHIR"
598,,"CHYMODIACTINE"
599,,"CHYMODREX"
600,,"CIBACALCINE"
601,,"CIBACENE"
602,,"CIBADREX"
603,,"CIBLOR"
604,,"CICATRYL"
605,,"CIDERMEX "
606,,"CIFLOX"
607,,"CILEST"
608,,"CILOXAN"
609,,"CIMETIDINE"
610,,"CIPRALAN"
611,,"CIRCULARINE"
612,,"CIRKAN COMPRIME"
613,,"CIRKAN SUPPOSITOIRE"
614,,"CISPLATINE"
615,,"CISPLATYL"
616,,"CITANEST 30"
617,,"CITANEST 40"
618,,"CITANEST 4A"
619,,"CITICOLINE"
620,,"CITRARGININE"
621,,"CITRATE DE BETAINE"
622,,"CITROCHOLINE"
623,,"CIVIGEL"
624,,"CLAFORAN"
625,,"CLAMOXYL"
626,,"CLARADOL"
627,,"CLARADOL CAFEINE"
628,,"CLARADOL CODEINE"
629,,"CLARAGINE"
630,,"CLARAMID"
631,,"CLARINASE"
632,,"CLARITYNE"
633,,"CLARIX"
634,,"CLASTOBAN"
635,,"CLAVENTIN"
636,,"CLEDIAL"
637,,"CLERIDIUM"
638,,"CLIMARA"
639,,"CLIMASTON"
640,,"CLIMAXOL"
641,,"CLIMENE"
642,,"CLINOLEIC"
643,,"CLIVARINE"
644,,"CLOMID"
645,,"CLONIDINE"
646,,"CLOPIXOL"
647,,"CLORAZEPATE"
648,,"CLOZAPINE"
649,,"COALGAN"
650,,"COBANZYME"
651,,"CODEINE"
652,,"CODENFAN"
653,,"CODETHYLINE"
654,,"CODETRICINE"
655,,"CODETRICINE VITAMINE C"
656,,"CODOLIPRANE"
657,,"CODOTUSSYL EXPECTORANT GRANULE"
658,,"CODOTUSSYL EXPECTORANT SIROP"
659,,"CODOTUSSYL MAUX DE GORGE"
660,,"CODOTUSSYL TOUX SECHE SIROP"
661,,"COGITUM"
662,,"COGNEX"
663,,"COLCHICINE"
664,,"COLCHIMAX"
665,,"COLD CREAM NATUREL"
666,,"COLD CREAM SALICYLE"
667,,"COLICORT"
668,,"COLIMYCINE COMPRIME"
669,,"COLIMYCINE INJECTABLE"
670,,"COLIMYCINE-PENICILLINE"
671,,"COLLAGENAN"
672,,"COLLUBLEU"
673,,"COLLUDOL"
674,,"COLLU-HEXTRIL"
675,,"COLLUNOVAR"
676,,"COLLUNOVAR SEC"
677,,"COLLUPRESSINE"
678,,"COLLUSTAN"
679,,"COLLYRE BLEU"
680,,"COLOFOAM"
681,,"COLOMENTHE"
682,,"COLOPEG"
683,,"COLOPRIV"
684,,"COLOPTEN"
685,,"COLPORMON"
686,,"COLPOSEPTINE"
687,,"COLPOTROPHINE"
688,,"COLPRONE"
689,,"COLTRAMYL"
690,,"COMBANTRIN"
691,,"COMBIVENT"
692,,"COMBIVIR"
693,,"COMPLAMINE"
694,,"COMPRALGYL"
695,,"COMTAN"
696,,"CONDYLINE"
697,,"CONFLICTAN"
698,,"CONFOCALM"
699,,"CONFODIGEST"
700,,"CONFOVEIN"
701,,"CONSTRILIA"
702,,"CONTALAX"
703,,"CONTRACIDE"
704,,"CONTRAMAL"
705,,"CONTRATHION"
706,,"CONTRE-COUPS PERDRIGEON"
707,,"COQUELUSEDAL"
708,,"COQUELUSEDAL PARACETAMOL"
709,,"CORAMINE GLUCOSE"
710,,"CORBIONAX"
711,,"CORDARONE"
712,,"CORDIPATCH"
713,,"CORDIUM"
714,,"CORDOXENE"
715,,"COREGA"
716,,"CO-RENITEC"
717,,"CORGARD"
718,,"CORICIDE LE DIABLE"
719,,"CORONARINE"
720,,"COROTROPE"
721,,"CORRECTOL"
722,,"CORSODYL"
723,,"CORTANCYL"
724,,"CORTICETINE"
725,,"CORTINE"
726,,"CORTISAL"
727,,"CORTISONE"
728,,"CORVASAL"
729,,"CORVASAL INJECTABLE"
730,,"CORVERT"
731,,"CORYPHEDRINE"
732,,"COSOPT"
733,,"COTAREG"
734,,"COTRIMAZOL FORT"
735,,"COTRIMOXAZOLE"
736,,"COUMADINE"
737,,"COVATINE"
738,,"COVERSYL"
739,,"COZAAR"
740,,"CRATAEGOL"
741,,"CRATAEGUS GMET"
742,,"CREME DES TROIS FLEURS ORIENT"
743,,"CREME RAP"
744,,"CREON"
745,,"CRINEX"
746,,"CRISTOPAL"
747,,"CRIXIVAN"
748,,"CROMABAK"
749,,"CROMEDIL"
750,,"CROMOPTIC COLLYRE"
751,,"CURASTEN"
752,,"CUTACNYL"
753,,"CUTERPES"
754,,"CUTIPHILE"
755,,"CUTISAN"
756,,"CYANOKIT"
757,,"CYCLADOL"
758,,"CYCLEANE"
759,,"CYCLERGINE"
760,,"CYCLO 3 CREME"
761,,"CYCLO 3 FORT"
762,,"CYCLOREL"
763,,"CYCLOSPASMOL"
764,,"CYCLOTERIAM"
765,,"CYMEVAN"
766,,"CYNOMEL"
767,,"CYSTAGON"
768,,"CYSTICHOL"
769,,"CYSTINE B6"
770,,"CYTARBEL"
771,,"CYTEAL"
772,,"CYTOTEC"
773,,"DACRYNE"
774,,"DACRYOBORALINE"
775,,"DACRYOLARMES"
776,,"DACRYOSEPTIL"
777,,"DACRYOSERUM"
778,,"DACUDOSES"
779,,"DAFALGAN"
780,,"DAFALGAN CODEINE"
781,,"DAFLON"
782,,"DAIVONEX"
783,,"DAKIN COOPER"
784,,"DAKTARIN"
785,,"DAKTARIN CUTANEE"
786,,"DALACINE"
787,,"DALACINE TOPIC"
788,,"DANATROL"
789,,"DANTRIUM"
790,,"DAONIL"
791,,"DAUNOXOME"
792,,"DAZEN"
793,,"DEBEKACYL"
794,,"DEBRIDAT"
795,,"DEBRUMYL"
796,,"DECADRON"
797,,"DECA-DURABOLIN"
798,,"DECAPEPTYL"
799,,"DECHOPHYLINE"
800,,"DECONTRACTYL"
801,,"DECONTRACTYL BAUME"
802,,"DECTANCYL"
803,,"DEDROGYL"
804,,"DEFANYL"
805,,"DEFILTRAN"
806,,"DEFLAMOL"
807,,"DELABARRE"
808,,"DELALANDE DIARRHEE"
809,,"DELBIASE"
810,,"DELIPROCT"
811,,"DELLOVA"
812,,"DELTAZEN"
813,,"DELURSAN"
814,,"DENAVIR"
815,,"DENISOLINE"
816,,"DENORAL COMPRIME"
817,,"DENORAL SIROP"
818,,"DENSICAL"
819,,"DENSICAL VITAMINE D3"
820,,"DEPAKINE"
821,,"DEPAMIDE"
822,,"DEPO-MEDROL"
823,,"DEPO-PRODASONE"
824,,"DEPO-PROVERA"
825,,"DEPRENYL"
826,,"DEPURATIF DES ALPES"
827,,"DEPURATIF PARNEL"
828,,"DEPURATUM"
829,,"DERINOX"
830,,"DERMACHROME"
831,,"DERMASPRAY ANTISEPTIQUE"
832,,"DERMASPRAY DEMANGEAISON"
833,,"DERMAZOL"
834,,"DERMEOL"
835,,"DERMESTRIL"
836,,"DERMO 6"
837,,"DERMOCUIVRE"
838,,"DERMO-SULFURYL"
839,,"DERMOVAL"
840,,"DEROXAT"
841,,"DESBLY"
842,,"DESERNIL"
843,,"DESFERAL"
844,,"DESINTEX"
845,,"DESINTEX-CHOLINE"
846,,"DESOCORT COLLYRE"
847,,"DESOCORT AURICULAIRE"
848,,"DESOMEDINE COLLYRE"
849,,"DESTOLIT"
850,,"DESURIC"
851,,"DETENSIEL"
852,,"DETICENE"
853,,"DETOXALGINE"
854,,"DETRUSITOL"
855,,"DETURGYLONE"
856,,"DEXAGRANE"
857,,"DEXAMBUTOL"
858,,"DEXAMBUTOL-INH"
859,,"DEXAMETHASONE"
860,,"DEXERYL"
861,,"DEXFENFLURAMINE"
862,,"DEXIR"
863,,"DEXTOMA"
864,,"DEXTRARINE-PHENYLBUTAZONE"
865,,"DEXTROPROPOXYPHENE"
866,,"DIACOR"
867,,"DIABINESE"
868,,"DIACTANE"
869,,"DIAFUSOR"
870,,"DIALGIREX"
871,,"DIALYTAN H"
872,,"DIAMICRON"
873,,"DIAMORIL"
874,,"DIAMOX"
875,,"DIANE"
876,,"DI-ANTALVIC"
877,,"DIAPID"
878,,"DIAREGAN"
879,,"DIARETYL"
880,,"DIARLAC"
881,,"DIARSED"
882,,"DIASTABOL"
883,,"DIASTER"
884,,"DIAZEPAM"
885,,"DIBENCOZAN"
886,,"DICETEL"
887,,"DICLOCIL"
888,,"DICLOFENAC"
889,,"DICODIN"
890,,"DICYNONE"
891,,"DIDRONEL"
892,,"DIERGO-SPRAY"
893,,"DIFFERINE"
894,,"DIFFU-K"
895,,"DIFLUREX"
896,,"DIFRAREL"
897,,"DIFRAREL E"
898,,"DIFTAVAX"
899,,"DIGAOL"
900,,"DIGEDRYL"
901,,"DIGEFLASH"
902,,"DIGESTIF MARGA"
903,,"DIGITALINE"
904,,"DIGOXINE"
905,,"DI-HYDAN"
906,,"DIHYDROERGOTAMINE"
907,,"DIHYDROERGOTOXINE"
908,,"DILANTIN"
909,,"DILATRANE"
910,,"DILRENE"
911,,"DILTIAZEM"
912,,"DIMEGAN"
913,,"DIMETANE ADULTE"
914,,"DIMPYGAL"
915,,"DINACODE AVEC CODEINE SIROP"
916,,"DINACODE AVEC CODEINE SUPPO"
917,,"DININTEL"
918,,"ISOSORBIDE DINITRATE"
919,,"DIO 300"
920,,"DIOSMIL"
921,,"DIOSMINE"
922,,"DIOVENOR"
923,,"DIPENTUM"
924,,"DIPIPERON"
925,,"DIPRIVAN"
926,,"DIPROLENE"
927,,"DIPROSALIC"
928,,"DIPROSEPT"
929,,"DIPROSONE"
930,,"DIPROSONE NEOMYCINE"
931,,"DIPROSTENE"
932,,"DIREXIODE"
933,,"DISALGYL"
934,,"DISCORTINE"
935,,"DISQUES CORICIDES"
936,,"DISSOLVUROL"
937,,"DISTILBENE"
938,,"DISULONE"
939,,"DITAVENE CREME"
940,,"DITROPAN"
941,,"DIVINA"
942,,"DOBUTREX"
943,,"DODECAVIT"
944,,"DOGMATIL"
945,,"DOLAL"
946,,"DOLGIT"
947,,"DOLIPRANE"
948,,"DOLIRHUME"
949,,"DOLKO"
950,,"DOLOBIS"
951,,"DOLODENT"
952,,"DOLODERM"
953,,"DOLOGYNE"
954,,"DOLONEVRAN"
955,,"DOLOSAL"
956,,"DOLOTEC"
957,,"DOLSOM"
958,,"DOLTAQUE"
959,,"DONCEF"
960,,"DONORMYL"
961,,"DONTOPIVALONE"
962,,"DOPOCARD"
963,,"DOPAMINE"
964,,"DOPERGINE"
965,,"DOPRAM"
966,,"DOPS"
967,,"DORZOLAMIDE"
968,,"DORIANCE"
969,,"DOSISEPTINE"
970,,"DOSTINEX"
971,,"DOTAREM"
972,,"DOXIUM"
973,,"DOXORUBICINE"
974,,"DOXY 100"
975,,"DOXYCLINE"
976,,"DOXYCYCLINE"
977,,"DOXYGRAM"
978,,"DOXYLETS"
979,,"DRAGEES FUCA"
980,,"DRAGEES VEGETALES REX"
981,,"DRAINACTYL"
982,,"DRAMAMINE"
983,,"DRILL PASTILLES"
984,,"DRILL EXPECTORANT"
985,,"DRILL MAUX DE GORGE"
986,,"DRILL RHINITE"
987,,"DRILL TOUX SECHE"
988,,"DRIPTANE"
989,,"DROLEPTAN"
990,,"DROSETUX"
991,,"DUACIDAN"
992,,"DUBOISINE"
993,,"DULCIDOL"
994,,"DULCILARMES"
995,,"DULCIPHAK"
996,,"DULCOLAX"
997,,"DUOFILM"
998,,"DUPERAN"
999,,"DUPHALAC"
1000,,"DUPHASTON"
1001,,"DURANEST"
1002,,"DURANEST ADRENALINE"
1003,,"DUROGESIC"
1004,,"DUSPATALIN"
1005,,"DUXIL"
1006,,"DYNABAC"
1007,,"DYNAMISAN"
1008,,"DYSALFA"
1009,,"DYSKINEBYL"
1010,,"DYSPAGON"
1011,,"DYSPNE-INHAL"
1012,,"DYSPORT"
1013,,"EAU OXYGENEE"
1014,,"EAU PRECIEUSE"
1015,,"ECAZIDE"
1016,,"ECLARAN"
1017,,"ECONAZOLE"
1018,,"EDEX"
1019,,"EDIREL"
1020,,"EDUCTYL"
1021,,"EFFACNE"
1022,,"EFFEDERM"
1023,,"EFFERALGAN"
1024,,"EFFERALGAN CODEINE"
1025,,"EFFERALGAN VITAMINE C"
1026,,"EFFEXOR"
1027,,"EFFICORT"
1028,,"EFFIPREV"
1029,,"EFFORTIL"
1030,,"EFICAL"
1031,,"EFIMAG"
1032,,"EFRYL ETAT GRIPPAL"
1033,,"EFRYL RHINITE"
1034,,"EFUDIX"
1035,,"EGERY"
1036,,"ELASE"
1037,,"ELAVIL"
1038,,"ELDEPRYL"
1039,,"ELDISINE"
1040,,"ELENOL"
1041,,"ELENTOL"
1042,,"ELEVIT B9"
1043,,"ELGYDIUM"
1044,,"ELISOR"
1045,,"ELIXIR BONJEAN"
1046,,"ELIXIR DE BOULEAU"
1047,,"ELIXIR SPARK"
1048,,"ELIXIR PAREGORIQUE"
1049,,"ELOHES"
1050,,"ELOXATINE"
1051,,"ELUDRIL COLLUTOIRE"
1052,,"ELUDRIL BAIN DE BOUCHE"
1053,,"ELUDRIL TABLETTE"
1054,,"ELVORINE"
1055,,"EMINASE"
1056,,"EMLA"
1057,,"EMLAPATCH"
1058,,"EMPLATRE AMERICAIN"
1059,,"ENANTONE"
1060,,"ENCEPHABOL"
1061,,"ENDIUM"
1062,,"ENDOLIPIDE"
1063,,"ENDOREM"
1064,,"ENDOTELON"
1065,,"ENDOXAN"
1066,,"ENGERIX B"
1067,,"ENOXOR"
1068,,"ENTECET"
1069,,"ENTEROCALM"
1070,,"ENURETINE"
1071,,"EOSINE"
1072,,"EPANAL"
1073,,"EPHEDRINE"
1074,,"EPHYDION"
1075,,"EPHYNAL"
1076,,"EPIPHANE"
1077,,"EPITOMAX"
1078,,"EPITOPIC"
1079,,"EPIVIR"
1080,,"EPREX"
1081,,"EPURAM"
1082,,"EQUANIL"
1083,,"EQUILIUM"
1084,,"EQUITAM"
1085,,"ERACINE"
1086,,"ERCEFURYL"
1087,,"ERGIX"
1088,,"ERGODOSE"
1089,,"ERIDAN"
1090,,"ERY 500"
1091,,"ERYACNE"
1092,,"ERYCOCCI"
1093,,"ERYFLUID"
1094,,"ERYLIK"
1095,,"ERYTEAL"
1096,,"ERYTHROCINE"
1097,,"ERYTHROGEL"
1098,,"ERYTHROGRAM"
1099,,"ERYTHROMYCINE BAILLEUL"
1100,,"ERYTHROMYCINE"
1101,,"ERYTHROTON"
1102,,"ESBERIVEN"
1103,,"ESBERIVEN CREME"
1104,,"ESCINOGEL"
1105,,"ESIDREX"
1106,,"ESMERON"
1107,,"ESPERAL"
1108,,"ESSENCE ALGERIENNE"
1109,,"ESSENCE DE THYM"
1110,,"ESTRACYT"
1111,,"ESTRADERM"
1112,,"ESTREVA"
1113,,"ESTREVA GEL"
1114,,"ESTROFEM"
1115,,"ESTULIC"
1116,,"ETHINYL-OESTRADIOL"
1117,,"ETHRANE"
1118,,"ETHYOL"
1119,,"ETIAXIL"
1120,,"ETIOVEN"
1121,,"ETOPOPHOS"
1122,,"ETOPOSIDE"
1123,,"ETUMINE"
1124,,"EUBINE"
1125,,"EUCALCIC"
1126,,"EUCALYPTINE"
1127,,"EUCALYPTINE LE BRUN"
1128,,"EUCALYPTINE PARACETAMOL"
1129,,"EUCALYPTINE PHOLCODINE"
1130,,"EUCOL"
1131,,"EUCALYPTUS"
1132,,"EUGLUCAN"
1133,,"EULEXINE"
1134,,"EUPANTOL"
1135,,"EUPHON GELULE ET SIROP"
1136,,"EUPHON PASTILLE"
1137,,"EUPHYLLINE LA"
1138,,"EUPHYTOSE"
1139,,"EUPNERON"
1140,,"EUPRESSYL"
1141,,"EURAX"
1142,,"EURELIX"
1143,,"EUROBIOL"
1144,,"EURONAC"
1145,,"EUSAPRIM"
1146,,"EUTHYRAL"
1147,,"EUTUXAL"
1148,,"EVISTA"
1149,,"EXACOR"
1150,,"EXACYL"
1151,,"EX'AIL VITAMINE P"
1152,,"EXELON"
1153,,"EXLUTON"
1154,,"EXOCINE"
1155,,"EXOMUC"
1156,,"EXOSEPTOPLIX"
1157,,"EXTENCILLINE"
1158,,"EXTOVYL"
1159,,"EXTRAIT DE PANCREAS"
1160,,"EXTRANASE"
1161,,"FACTEUR VII"
1162,,"FACTEUR VIII"
1163,,"FACTEUR IX"
1164,,"FACTEUR WILLEBRAND"
1165,,"F.E.V. 300"
1166,,"FANSIDAR"
1167,,"FARLUTAL"
1168,,"FARMORUBICINE"
1169,,"FASIGYNE"
1170,,"FAZOL TOPIQUE"
1171,,"FEBRECTOL COMPRIME"
1172,,"FEBRECTOL SUPPOSITOIRE AD"
1173,,"FELDENE"
1174,,"FEMARA"
1175,,"FEMSEPT"
1176,,"FENALGIC"
1178,,"FENOFIBRATE"
1179,,"FENPROPOREX"
1180,,"FENTANYL"
1181,,"FENUGRENE"
1182,,"FER LUCIEN"
1183,,"FERO-GRAD"
1184,,"FERROSTRANE"
1185,,"FERTILINE"
1186,,"FERVEX"
1187,,"FERVEX RHUME"
1188,,"FEUILLE DE SAULE"
1189,,"FIBORAN"
1190,,"FIBROGAMMINE"
1191,,"FINIDOL"
1192,,"FITACNOL"
1193,,"FLAGENTYL"
1194,,"FLAGYL (CP OU INJECTABLE)"
1195,,"FLAMMACERIUM"
1196,,"FLAMMAZINE"
1197,,"FLAVAN"
1198,,"FLAVIASTASE"
1199,,"FLAVOQUINE"
1200,,"FLEBOSMIL"
1201,,"FLECAINE"
1202,,"FLECTOR"
1203,,"FLEET PHOSPHO-SODA"
1204,,"FLEMOXINE"
1205,,"FLEXALGIT"
1206,,"FLEXIROX"
1207,,"FLEXOGYNE"
1208,,"FLIXONASE"
1209,,"FLIXOTIDE"
1210,,"FLODIL"
1211,,"FLOGENCYL"
1212,,"FLORINEF"
1213,,"FLOXYFRAL"
1214,,"FLUANXOL"
1215,,"FLUARIX"
1216,,"FLUBILAR"
1217,,"FLUCON"
1218,,"FLUDARA"
1219,,"FLUDEX"
1220,,"FLUDITEC"
1221,,"FLUDIXAN"
1222,,"FLUDROCORTISONE"
1223,,"FLUIMUCIL"
1224,,"FLUISEDAL"
1225,,"FLUISEDAL SANS PROMETHAZINE"
1226,,"FLUMACH"
1227,,"FLUNIR"
1228,,"FLUNITRAZEPAM"
1229,,"FLUOCALCIC"
1230,,"FLUOCARIL"
1231,,"FLUODONTYL"
1232,,"FLUOGEL"
1234,,"FLUOGUM"
1235,,"FLUOPATE"
1236,,"FLUOR CRINEX"
1237,,"FLUORE"
1238,,"FLUORESCEINE"
1239,,"FLUOREX"
1240,,"FLUORO-URACILE"
1241,,"FLUORURE DE CALCIUM"
1242,,"FLUOSELGINE"
1243,,"FLUOSEPT"
1244,,"FLUOTHANE"
1246,,"FLUVERMAL"
1247,,"FLUVIC"
1248,,"FLUVIRINE"
1249,,"FLUXARTEN"
1251,,"FOLINATE DE CALCIUM"
1252,,"FOLINORAL"
1253,,"FONCITRIL"
1254,,"FONGAMIL"
1255,,"FONGAREX"
1256,,"FONGERYL"
1257,,"FONLIPOL"
1258,,"FONX"
1259,,"FONZYLANE"
1260,,"FORADIL"
1261,,"FORENE"
1262,,"FORLAX"
1263,,"FORMOCARBINE"
1264,,"FORTAL"
1265,,"FORTOVASE"
1266,,"FORTRANS"
1267,,"FORTUM"
1268,,"FORTUMSET"
1269,,"FORVITAL"
1270,,"FOSAMAX"
1271,,"FOSCAVIR"
1272,,"FOSFOCINE"
1273,,"FOZIRETIC"
1274,,"FOZITEC"
1275,,"FRACTAL"
1276,,"FRAGMINE"
1277,,"FRAKIDEX"
1278,,"FRAMYBIOTAL"
1279,,"FRAMYXONE NASALE"
1280,,"FRAXIPARINE"
1281,,"FRAXODI"
1282,,"FRAZOLINE"
1283,,"FRUBIOSE CALCIQUE"
1284,,"FRUCTINES"
1285,,"FUCIDINE"
1286,,"FUCIDINE CREME"
1287,,"FUCITHALMIC"
1288,,"FULCINE"
1289,,"FUMAFER"
1290,,"FUMIGALENE"
1291,,"FUNDYL"
1292,,"FUNGIZONE ORAL"
1293,,"FURADANTINE"
1294,,"FURADOINE"
1295,,"FUROSEMIDE"
1296,,"GABACET"
1297,,"GABITRIL"
1298,,"GABRENE"
1300,,"GUAIACOL"
1301,,"GALIRENE"
1302,,"GAMMA-OH"
1303,,"GAMMA TETANOS"
1304,,"GANDOL"
1305,,"GANIDAN"
1306,,"GAOPTOL"
1307,,"GAOSEDAL"
1308,,"GARASPIRINE"
1309,,"GARDENAL"
1310,,"GASTRALGINE"
1311,,"GASTREX"
1312,,"GASTROBUL"
1313,,"GASTROGRAFINE"
1314,,"GASTROPAX"
1315,,"GASTROPULGITE"
1316,,"GASTROSEDYL"
1317,,"GAVISCON COMPRIME"
1318,,"GAVISCON SUSPENSION"
1319,,"GEL A L'ACETOTARTRATE D'ALUMINE"
1320,,"GEL DE CALAMINE"
1321,,"GEL DE POLYSILANE"
1322,,"GELDENE"
1323,,"GEL-LARMES"
1324,,"GELUMALINE"
1325,,"GELOFUSINE"
1326,,"GELOX"
1327,,"GEL-PHAN"
1328,,"GELUCYSTINE"
1329,,"GELUFENE"
1330,,"GELUPRANE"
1331,,"GELUSIL"
1332,,"GEMZAR"
1333,,"GENAC"
1334,,"GENATROPINE"
1335,,"GENESERINE"
1336,,"GENOLA"
1337,,"GENOSCOPOLAMINE"
1338,,"GENOTONORM"
1339,,"GENTABILLES"
1340,,"GENTALLINE"
1341,,"GENTALLINE OPTHALMIQUE"
1342,,"GENTAMICINE"
1343,,"GENTASONE"
1344,,"GERAM"
1346,,"GERMOSE"
1347,,"GESTANON"
1348,,"GESTARELLE"
1349,,"GESTORAL"
1350,,"GEVATRAN"
1351,,"GINKOGINK"
1352,,"GINKOR"
1353,,"GINKOR GEL"
1354,,"GINKOR PROCTO"
1355,,"GINSANA"
1356,,"GINSENG"
1357,,"GIVALEX"
1358,,"GLAUCADRINE"
1359,,"GLAUCOSTAT"
1360,,"GLIADEL"
1361,,"GLIBENESE"
1362,,"GLIFANAN"
1363,,"GLOSSITHIASE"
1364,,"GLOTTYL"
1365,,"GLUCAGEN"
1366,,"GLUCANTIME"
1367,,"GLUCIDORAL"
1368,,"GLUCINAN"
1369,,"GLUCONATE DE CALCIUM"
1370,,"GLUCONATE DE POTASSIUM"
1371,,"GLUCOPHAGE"
1372,,"GLUCOR"
1373,,"GLUTAMAG"
1374,,"GLUTRIL"
1375,,"GLYCEROTONE"
1376,,"GLYCOCOLLE"
1377,,"GLYCO-THYMOLINE"
1378,,"GLYPRESSINE"
1379,,"GLYVENOL"
1380,,"GOMENOL"
1381,,"GOMENOLEO"
1382,,"GONADOTROPHINE CHORION"
1383,,"GONAL-F"
1384,,"GOPTEN"
1385,,"GOSSYPIUM"
1386,,"GOUTTES AUX ESSENCES"
1387,,"GRAIN DE VALS"
1388,,"GRAMIDIL"
1389,,"GRANOCYTE"
1390,,"GRANUDOXY"
1391,,"GRAVURAL"
1392,,"GRISEFULINE"
1393,,"GUETHURAL"
1394,,"GURONSAN"
1395,,"GUTRON"
1396,,"GYALME"
1397,,"GYDRELLE"
1398,,"GYNERGENE CAFEINE"
1399,,"GYN HYDRALIN"
1400,,"GYNO-DAKTARIN"
1401,,"GYNOMYK"
1402,,"GYNO-PEVARYL"
1403,,"GYNOSTAT"
1404,,"GYNO-TROSYD"
1405,,"HAEMACCEL"
1406,,"HALCION"
1407,,"HALDOL"
1408,,"HALDOL DECANOAS"
1409,,"HALFAN"
1410,,"HALIVITE"
1411,,"HALOG"
1412,,"HALOG-NEOMYCINE"
1413,,"HALOTESTIN"
1414,,"HALOTHANE"
1415,,"HARMONET"
1416,,"HARPADOL"
1417,,"HARPAGOPHYTUM"
1418,,"HAVLANE"
1419,,"HAVRIX"
1420,,"HB VAX DNA"
1421,,"HEAFUSINE"
1422,,"HEBUCOL"
1423,,"HEC POMMADE"
1424,,"HEGOR ANTIPOUX"
1425,,"HELICIDINE"
1426,,"HELIXATE"
1427,,"HELMINTOX"
1428,,"HEMAGENE TAILLEUR"
1429,,"HEMEDONINE"
1430,,"HEMI-DAONIL"
1431,,"HEMIGOXINE"
1432,,"HEMIPRALON"
1433,,"HEMOCAPROL"
1434,,"HEMOCLAR"
1435,,"HEMODEX"
1436,,"HEMOFIL"
1437,,"HEMOLEVEN"
1438,,"HEMOLUOL"
1439,,"HEMORROGEL"
1440,,"HEPACHOLINE"
1441,,"HEPACLEM"
1442,,"HEPADIAL"
1443,,"HEPAGRUME"
1444,,"HEPANEPHROL"
1445,,"HEPAREXINE"
1446,,"HEPARGITOL"
1447,,"HEPARINE"
1448,,"HEPARINE DAKOTA"
1449,,"HEPATOUM"
1450,,"HEPAX"
1451,,"HEPT-A-MYL"
1452,,"HEPTAN"
1453,,"HERBESAN"
1454,,"HESTERIL"
1455,,"HEXABRIX"
1456,,"HEXALENSE"
1457,,"HEXALYSE"
1458,,"HEXAPNEUMINE COMPRIME"
1459,,"HEXAPNEUMINE SIROP ADULTE"
1460,,"HEXAPNEUMINE SUPPO ADULTE"
1461,,"HEXAQUINE"
1462,,"HEXASEPTINE"
1463,,"HEXASPRAY"
1464,,"HEXATRIONE"
1465,,"HEXOMEDINE SOLUTION"
1466,,"HEXOMEDINE COLLUTOIRE"
1467,,"HEXTRIL"
1468,,"HIBEST"
1469,,"HIBIDIL"
1470,,"HIBISCRUB"
1471,,"HIBISPRINT"
1472,,"HIBITANE"
1473,,"HICONCIL"
1474,,"HIPPOPAN"
1475,,"HISMANAL"
1476,,"HISTADERM"
1477,,"HISTAGLOBINE"
1478,,"HISTO-FLUINE"
1479,,"HIVID"
1480,,"HOLOXAN"
1481,,"HOMEOPLASMINE"
1482,,"HUILE DE HAARLEM"
1483,,"HUILE GOMENOLEE"
1484,,"PARAFFINE"
1485,,"HUMALOG"
1486,,"HUMATIN"
1487,,"HUMEGON"
1488,,"HUMEX FOURNIER"
1489,,"HUMEX FOURNIER GELULE"
1490,,"HUMEX FOURNIER RHUME"
1491,,"HUMEX FOURNIER SIROP AD"
1492,,"HUMORYL"
1493,,"HUMOXAL"
1494,,"HYALGAN"
1495,,"HYCAMTIN"
1496,,"HYDERGINE"
1497,,"HYDRACORT"
1498,,"HYDRALIN POUDRE"
1499,,"HYDRALIN SAVON"
1500,,"HYDREA"
1501,,"HYDROCLONAZONE"
1502,,"HYDROCORTANCYL"
1503,,"HYDROCORTISONE CREME"
1504,,"HYDROCORTISONE"
1505,,"HYDROS "
1506,,"HYDROSOL POLYVITAMINE"
1507,,"HYDROXO 5000"
1508,,"HYGROTON"
1509,,"HYPERIUM"
1510,,"HYPERSTAT"
1511,,"HYPNASMINE"
1512,,"HYPNOMIDATE"
1513,,"HYPNOVEL"
1514,,"HYPOSTAMINE"
1515,,"HYPOSULFENE"
1516,,"HYTRINE"
1517,,"HYZAAR"
1518,,"IBUALGIC"
1519,,"IBUPROFENE"
1520,,"IBUTOP"
1521,,"I.R.S. 19"
1522,,"ICACINE"
1523,,"ICAVEX"
1524,,"ICAZ"
1525,,"IDARAC"
1526,,"IDEOLAXYL"
1527,,"IDEOS"
1528,,"IDROCOL"
1529,,"IDR TUBERCULINE"
1530,,"IDUVIRAN"
1531,,"IKARAN"
1532,,"IKOREL"
1533,,"ILOMEDINE"
1534,,"IMIGRANE"
1535,,"IMIJECT"
1537,,"IMMENOCTAL"
1538,,"IMMUCYST"
1539,,"IMMUGRIP"
1540,,"IMMUNOGLOBULINE ANTI-D"
1541,,"IMODIUM"
1542,,"IMOSSEL"
1543,,"IMOVANE"
1544,,"IMOVAX"
1545,,"IMPORTAL"
1546,,"IMUDON"
1547,,"IMUKIN"
1548,,"IMUREL"
1550,,"INCITAL"
1551,,"INDAPAMIDE"
1552,,"INDIARAL"
1553,,"INDOCID"
1554,,"INDOCID COLLYRE"
1555,,"INDOCOLLYRE"
1556,,"INDUCTOR"
1557,,"INDUSIL"
1558,,"INFANRIX POLIO"
1559,,"INFANRIX POLIO-HIB"
1560,,"INFIBRAN"
1561,,"INFLACED"
1562,,"INFLUVAC"
1563,,"INIPOMP"
1564,,"INNOBRAND"
1565,,"INNOHEP"
1566,,"INOCOR"
1567,,"INOFER"
1568,,"INOLAXINE"
1569,,"INONGAN"
1570,,"INOPHYLLINE"
1571,,"INOTYOL"
1572,,"INSADOL"
1573,,"INSIDON"
1574,,"INSULINE"
1575,,"INSULINE ZINC"
1576,,"INTERCRON"
1577,,"INTERCYTON"
1579,,"INTERFERON ALPHA"
1580,,"INTERFERON BETA"
1581,,"INTETRIX"
1582,,"INTRAIT DE MARRON D'INDE"
1583,,"INTRALGIS"
1584,,"INTRALGIS GEL"
1585,,"INTRALIPIDE"
1586,,"INTRONA"
1587,,"INVIRASE"
1588,,"IODE"
1589,,"IODURE DE POTASSIUM"
1590,,"IOMERON"
1591,,"IONARTHROL"
1592,,"IONIMAG"
1593,,"IOPAMIRON"
1594,,"IOPIDINE"
1595,,"IPECA"
1596,,"ISEPALLINE"
1597,,"ISKEDYL"
1598,,"ISOBAR"
1599,,"ISOCARD"
1600,,"ISOFLURANE"
1601,,"ISOFRA"
1602,,"ISOMERIDE"
1603,,"ISOMYRTINE"
1605,,"ISOPRENALINE"
1606,,"ISOPRINOSINE"
1607,,"ISOPTINE"
1608,,"ISOPTO-HOMATROPINE"
1609,,"ISOPTO-PILOCARPINE"
1610,,"ISORYTHME"
1611,,"ISOTREX"
1612,,"ISTAMYL"
1613,,"ISUDRINE"
1614,,"ISUPREL"
1615,,"ITAX"
1616,,"ITEM"
1617,,"ITEOR"
1618,,"IVADAL"
1619,,"IVELIP"
1620,,"IVEPAQUE"
1621,,"IXEL"
1622,,"JAMYLENE"
1623,,"JARCEL"
1624,,"JECOBIASE"
1625,,"JECOPEPTOL"
1626,,"JONCTUM"
1627,,"JOSACINE"
1628,,"JOSIR"
1629,,"JOUVENCE DE L'ABBE SOURY"
1630,,"JUSTOR"
1631,,"JUVAMINE"
1632,,"JUVEPIRINE"
1633,,"KABIKINASE"
1634,,"KALEORID"
1635,,"KALICITRINE"
1637,,"KAMOL BAUME"
1638,,"KANEURON"
1639,,"KAOBROL"
1640,,"KAOLIN"
1641,,"KAOLOGEAIS"
1642,,"KAOMUTH"
1643,,"KAPANOL"
1644,,"KARAYAL"
1645,,"KARDEGIC"
1646,,"KAVIASE"
1647,,"KAYEXALATE"
1648,,"KEAL"
1649,,"KEFANDOL"
1650,,"KEFLIN"
1651,,"KEFORAL"
1652,,"KEFZOL"
1653,,"KELOCYANOR"
1654,,"KELSEF"
1655,,"KENACORT"
1656,,"KENALCOL"
1657,,"KENZEN"
1658,,"KERAFILM"
1659,,"KERAFNIA"
1660,,"KERATOSANE"
1661,,"KERATYL"
1662,,"KERLOCAL"
1663,,"KERLONE"
1664,,"KESSAR"
1665,,"KETALAR"
1666,,"KETAMINE"
1667,,"KETODERM "
1668,,"KETOPROFENE"
1669,,"KETREL"
1670,,"KETUM"
1671,,"KETUM GEL"
1672,,"KIDROLASE"
1673,,"KINUPRIL"
1674,,"KINUREA"
1675,,"KLEAN-PREP"
1676,,"KLIOGEST"
1677,,"KLIPAL"
1678,,"KOGENATE"
1679,,"KOLA ASTIER"
1680,,"KONJAK"
1681,,"KOREC"
1682,,"KORETIC"
1683,,"KREDEX"
1684,,"KRENOSIN"
1685,,"KYTRIL"
1686,,"L 72"
1687,,"LACCODERME"
1688,,"LACRYVISC"
1690,,"LACTEOL"
1691,,"LACTICAIRINE"
1692,,"LAMALINE"
1693,,"LAMICTAL"
1694,,"LAMISIL"
1695,,"LAMISIL CREME"
1696,,"LAMPRENE"
1697,,"LANGORAN"
1698,,"LANOFENE"
1699,,"LANSOYL"
1700,,"LANZOR"
1701,,"LARGACTIL"
1702,,"LARGATREX"
1703,,"LARIAM"
1704,,"LARMABAK"
1705,,"LARME ARTIFICIELLE"
1706,,"LARMES ARTIFICIELLES CIBA"
1707,,"LARMES ARTIFICIELLES MARTINET"
1708,,"LAROFERON"
1709,,"LAROSCORBINE"
1710,,"LAROXYL"
1711,,"LASILIX"
1713,,"LAURETHYL"
1714,,"LAXAMALT"
1715,,"L-CARNITINE"
1716,,"LECTIL"
1717,,"LEDERFOLINE"
1718,,"LEDERTREXATE"
1719,,"LEGALON"
1720,,"LENICALM"
1721,,"LENITRAL"
1722,,"LENITRAL PERCUTANE"
1723,,"LENTARON"
1724,,"LEPONEX"
1725,,"LEPTICUR"
1726,,"LERO-DERM"
1727,,"LESCOL"
1729,,"LEUCO-4"
1730,,"LEUCODININE B"
1731,,"LEUCOMAX"
1732,,"LEUSTATINE"
1733,,"LEVOCARNIL"
1734,,"LEVONORGESTREL"
1735,,"LEVOPHTA"
1736,,"LEVOTHYROX"
1737,,"LEVOTONINE"
1739,,"LEVULOSE"
1740,,"LEXOMIL"
1741,,"LIBRAX"
1742,,"LIBRIUM"
1743,,"LICREASE"
1744,,"LIDOCAINE"
1745,,"LIMBITROL"
1746,,"LINCOCINE"
1747,,"LINDILANE"
1748,,"LINI-BOMBE"
1749,,"LIORESAL"
1750,,"LIPANOR"
1751,,"LIPANTHYL"
1752,,"LIPAVLON"
1753,,"LIPOVEN"
1754,,"LIPUR"
1755,,"LIQUIFILM"
1756,,"LITHIUM MICROSOL"
1757,,"LITHIUM OLIGOSOL"
1758,,"LITHIUM OROTATE"
1759,,"LITOXOL"
1760,,"LITYAZOL"
1761,,"LOBAMINE CYSTEINE"
1762,,"LOCABIOTAL"
1763,,"LOCACID"
1764,,"LOCALONE"
1765,,"LOCAPRED"
1766,,"LOCATOP"
1767,,"LOCERYL"
1768,,"LOCOID"
1769,,"LOCOIDEN"
1770,,"LODALES"
1771,,"LODINE"
1772,,"LOFTYL"
1773,,"LOGECINE"
1774,,"LOGIFLOX"
1775,,"LOGIMAX"
1776,,"LOGIRENE"
1777,,"LOGROTON"
1778,,"LOGRYX"
1779,,"LOMEXIN "
1780,,"LOMIDINE"
1781,,"LOMUDAL"
1782,,"LOMUSOL"
1783,,"LONGACOR"
1784,,"LONOTEN"
1785,,"LOPELIN"
1786,,"LOPERAMIDE"
1787,,"LOPERIUM"
1788,,"LOPRESSOR"
1789,,"LOPRIL"
1790,,"LOSFERON"
1791,,"LOVENOX"
1792,,"LOXAPAC"
1793,,"LOXEN"
1794,,"L-THYROXINE"
1795,,"LUBENTYL"
1796,,"LUBENTYL A LA MAGNESIE"
1797,,"LUCIDRIL"
1798,,"LUCRIN"
1799,,"LUDIOMIL"
1800,,"LUGOL"
1801,,"LUMBALGINE"
1802,,"LUMIFUREX"
1803,,"LUMIRELAX"
1804,,"LUMIREN"
1805,,"LUMITENS"
1806,,"LURSELLE"
1807,,"LUTENYL"
1808,,"LUTERAN"
1809,,"LUTESTRAL"
1810,,"LUTIONEX"
1811,,"LUTRELEF"
1813,,"LYO-BIFIDUS"
1814,,"LYSADIP"
1815,,"LYSANXIA"
1816,,"LYSEDEM"
1817,,"LYSO-6"
1818,,"LYSOCALM"
1819,,"LYSOCLINE"
1820,,"LYSOFON COMPRIME"
1821,,"LYSOFON PULVERISATION"
1822,,"LYSOPAINE"
1823,,"LYTOS"
1824,,"MAALOX"
1825,,"MAB"
1826,,"MABTHERA"
1827,,"MADECASSOL POUDRE ET ONGUENT"
1828,,"MADECASSOL NEOMYCINE HYDROCORTISONE"
1829,,"MAG 2"
1830,,"MAGNE-B6"
1831,,"MAGNESIE S PELLEGRINO"
1832,,"MAGNESIUM GLYCOCOLLE"
1833,,"MAGNESIUM SULFATE"
1834,,"MAGNESPASMYL"
1835,,"MAGNEVIST"
1836,,"MAGNOGENE"
1837,,"MAGNOSOL"
1838,,"MAJEPTIL"
1839,,"MALOCIDE"
1841,,"MALTOFER"
1842,,"MANNITOL"
1843,,"MANTADIX"
1844,,"MARCAINE"
1845,,"MARCAINE ADRENALINE"
1846,,"MARSILID"
1847,,"MAXAIR"
1848,,"MAXEPA"
1849,,"MAXICAINE"
1850,,"MAXIDEX"
1851,,"MAXIDROL"
1852,,"MAXILASE"
1853,,"MAXILASE-BACITRACINE"
1854,,"MAXOMAT"
1855,,"MEBENDAZOLE"
1856,,"MEBEVERINE"
1857,,"MECTIZAN"
1858,,"MEDIATENSYL"
1859,,"MEDIATOR"
1860,,"MEDIVEINE"
1861,,"MEDROL"
1862,,"MEFOXIN"
1863,,"MEGACE"
1864,,"MEGAMAG"
1865,,"MEGASTHENYL"
1866,,"MEGAVIX"
1867,,"MELADININE"
1868,,"MELATONINE"
1869,,"MELAXOSE"
1870,,"MELIANE"
1871,,"MELISSE"
1872,,"MELLERIL"
1873,,"MENOREST"
1874,,"MENTHOL"
1875,,"MEPROBAMATE"
1876,,"MEPRONIZINE"
1877,,"MERALOPS"
1878,,"MERCALM"
1879,,"MERCILON"
1880,,"MERCRYL LAURYLE"
1881,,"MEREPRINE"
1882,,"MERFENE"
1883,,"MEROL"
1884,,"MESOCAINE"
1885,,"MESTACINE"
1886,,"MESTINON"
1887,,"METACUPROL"
1888,,"METASPIRINE"
1889,,"METASTRON"
1890,,"METEOSPASMYL"
1891,,"METEOXANE"
1892,,"METFORMINE"
1893,,"METHADONE"
1894,,"METHERGIN"
1895,,"METHIMAZOLE"
1896,,"METHIOCIL"
1897,,"METHOTREXATE"
1898,,"METHYLDOPA"
1899,,"METHYLPREDNISOLONE"
1900,,"METOCLOPRAMIDE"
1901,,"METOPIRONE"
1902,,"METOPROLOL"
1903,,"METRODINE"
1904,,"METRONIDAZOLE"
1905,,"METRULENE"
1906,,"MEXITIL"
1907,,"MIACALCIC"
1908,,"MIANSERINE"
1909,,"MICRODOINE"
1910,,"MICROLAX"
1911,,"MICROPAQUE"
1912,,"MICROPHTA"
1913,,"MICROTRAST"
1914,,"MICROVAL"
1915,,"MICTASOL"
1916,,"MICTASOL BLEU"
1917,,"MIDY VITAMINE C"
1918,,"MIFEGYNE"
1919,,"MIGLUCAN"
1920,,"MIGPRIV"
1921,,"MIGRALGINE"
1922,,"MIGRISTENE"
1923,,"MIGWELL"
1924,,"MIKELAN"
1925,,"MILLI ANOVLAR"
1926,,"MILLIGYNON"
1927,,"MILTEX"
1928,,"MINALFENE"
1929,,"MINCIFIT"
1930,,"MINIDIAB"
1931,,"MINIDRIL"
1932,,"MINIPHASE"
1933,,"MINIPRESS"
1934,,"MINIRIN"
1935,,"MINI-SINTROM"
1936,,"MINOCYCLINE"
1937,,"MINOLIS"
1938,,"MINOXIDIL"
1939,,"MINTEZOL"
1940,,"MINULET"
1941,,"MIOREL"
1942,,"MIRENA"
1943,,"MISULBAN"
1944,,"MITOSYL"
1945,,"MITOTANE"
1946,,"MIVACRON"
1947,,"MIZOLLEN"
1948,,"MOBIC"
1949,,"MOCLAMINE"
1950,,"MODAFINIL"
1951,,"MODAMIDE"
1952,,"MODANE"
1953,,"MODECATE"
1954,,"MODERAL"
1955,,"MODERATAN"
1956,,"MODIODAL"
1957,,"MODITEN"
1958,,"MODOPAR"
1959,,"MODUCREN"
1960,,"MODULON"
1961,,"MODURETIC"
1962,,"MODUSTATINE"
1963,,"MOEX"
1964,,"MOGADON"
1965,,"MOLYBDENE"
1966,,"MONAZOL CREME"
1967,,"MONEVA"
1968,,"MONICOR"
1969,,"MONOCLATE-P"
1970,,"MONO TILDIEM"
1971,,"MONOCLINE"
1972,,"MONOFLOCET"
1973,,"MONONINE"
1974,,"MONOTEST"
1975,,"MONOVAX"
1976,,"MONTAVON"
1977,,"MONURIL"
1978,,"MOPRAL"
1979,,"MORPHINE"
1980,,"MOSCONTIN"
1981,,"MOSIL"
1982,,"MOTILIUM"
1983,,"MOTIVAL"
1984,,"MOVICOL"
1985,,"MOXADIL"
1986,,"MOXYDAR"
1988,,"MUCAL"
1989,,"MUCICLAR"
1990,,"MUCINUM"
1991,,"MUCIPULGITE"
1992,,"MUCITUX"
1993,,"MUCIVITAL"
1994,,"MUCOFLUID"
1995,,"MUCOLATOR"
1996,,"MUCOMYST"
1997,,"MUCOSPIRE"
1998,,"MUCOTHIOL"
1999,,"MUCOTROPHIR"
2000,,"MULKINE"
2002,,"MUPHORAN"
2003,,"MUPIDERM"
2004,,"MUTAGRIP"
2005,,"MUTESA"
2006,,"MUXOL"
2007,,"MYAMBUTOL"
2008,,"MYCODECYL"
2009,,"MYCOLOG"
2010,,"MYCOMNES"
2011,,"MYCOSTATINE"
2012,,"MYCOSTER"
2013,,"MYCO-ULTRALAN"
2014,,"MYDRIATICUM"
2015,,"MYK"
2016,,"MYLERAN"
2017,,"MYNOCINE"
2019,,"MYOLASTAN"
2020,,"MYOPLEGE"
2021,,"MYOVIEW"
2022,,"MYOVITON"
2023,,"MYRTALYL"
2024,,"MYSOLINE"
2025,,"MYTELASE"
2026,,"NAABAK"
2027,,"NAAXIA"
2028,,"NABUTIL"
2029,,"NAFTIDROFURYL"
2030,,"NAFTILUX"
2031,,"NALADOR"
2032,,"NALCRON"
2033,,"NALGESIC"
2034,,"NALONE"
2035,,"NALOREX"
2036,,"NALORPHINE"
2037,,"NANBACINE"
2038,,"NAPROSYNE"
2039,,"NARAMIG"
2040,,"NARBALEK"
2041,,"NARCOZEP"
2042,,"NAROPEINE"
2043,,"NASACORT"
2044,,"NASALIDE"
2045,,"NATI-K"
2046,,"NATISEDINE"
2047,,"NATISPRAY"
2048,,"NATULAN"
2049,,"NATURINE"
2050,,"NAUSICALM"
2051,,"NAUTAMINE"
2052,,"NAVELBINE"
2053,,"NAVOBAN"
2054,,"NAXOGYN"
2055,,"NAXY"
2056,,"NEBCINE"
2057,,"NEBCINE AEROSOL"
2058,,"NECYRANE"
2059,,"NEGATOL"
2060,,"NEGRAM"
2061,,"NEMBUTAL"
2062,,"NEO-BOLDOLAXINE"
2063,,"NEOCITRAN"
2064,,"NEO-CODION"
2065,,"NEO-MERCAZOLE"
2066,,"NEOMYCINE COMPRIME"
2067,,"NEOMYCINE COLLYRE"
2068,,"NEOMYCINE POMMADE"
2069,,"NEOPARYL FRAMYCETINE"
2070,,"NEO-PERGONAL"
2071,,"NEORAL"
2072,,"NEORECORMON"
2073,,"NEOSTIGMINE"
2074,,"NEOSYNEPHRINE"
2075,,"NEOXIDIL"
2076,,"NEPRESSOL"
2077,,"NERISALIC"
2078,,"NERISONE"
2079,,"NERISONE C"
2080,,"NESDONAL"
2081,,"NETROMICINE"
2082,,"NETURONE"
2083,,"NETUX"
2084,,"NEULEPTIL"
2085,,"NEUPOGEN"
2086,,"NEURIPLEGE"
2087,,"NEUROCALCIUM COMPRIME"
2088,,"NEUROCALCIUM SIROP"
2089,,"NEUROFLORINE"
2090,,"NEUROLITHIUM"
2091,,"NEURONTIN"
2092,,"NEUROPAX"
2093,,"NEUROSTHENOL"
2094,,"NEUROTENSYL"
2095,,"NEUTREXIN"
2096,,"NEUTROSES"
2097,,"NEVROSTHENINE"
2098,,"NEXEN"
2099,,"NIAMIDE"
2100,,"NIBIOL"
2101,,"NICOBION"
2102,,"NICOPATCH"
2103,,"NICOPRIVE"
2104,,"NICORETTE"
2105,,"NICOTINELL"
2106,,"NIDREL"
2107,,"NIFEDIPINE"
2108,,"NIFEDIREX"
2109,,"NIFLUGEL"
2110,,"NIFLURIL"
2111,,"NIFLURIL GEL GINGIVAL"
2112,,"NIFLURIL POMMADE"
2113,,"NIFUROXAZIDE"
2114,,"NIGRANTYL"
2115,,"NILEVAR"
2116,,"NIMAZ"
2117,,"NIMBEX"
2118,,"NIMED"
2119,,"NIMOTOP"
2120,,"NIPENT"
2121,,"NISAPULVOL"
2122,,"NISASEPTOL"
2123,,"NISASOL"
2124,,"NITRATE D'ARGENT"
2125,,"NISIS"
2126,,"NISISCO"
2127,,"NITRIATE"
2128,,"NITRIDERM"
2129,,"NITRODEX"
2130,,"NITROL"
2131,,"NIVABETOL"
2132,,"NIVAQUINE"
2133,,"NIVER"
2134,,"NIX"
2135,,"NIZAXID"
2136,,"NIZORAL"
2137,,"NOBRIUM"
2138,,"NOCERTONE"
2139,,"NOCTADIOL"
2140,,"NOCTAMIDE"
2141,,"NOCTAVAL"
2142,,"NOCTRAN"
2143,,"NOCVALENE"
2144,,"NODEX"
2145,,"NOLVADEX"
2146,,"NOOTROPYL"
2147,,"NOPRON"
2148,,"NORADRENALINE"
2149,,"NORBILINE"
2150,,"NORCURON"
2151,,"NORDAZ"
2152,,"NORETHISTERONE"
2153,,"NORDITROPINE"
2154,,"NORGALAX"
2155,,"NORIEL"
2156,,"NORISTERAT"
2157,,"NORLUTEN"
2158,,"NORMACOL"
2159,,"NORMACOL A LA BOURDAINE"
2160,,"NORMACOL LAVEMENT"
2161,,"NORMISON"
2162,,"NORMOGASTRYL"
2163,,"NORMOSANG"
2164,,"NOROXINE"
2165,,"NORPROLAC"
2166,,"NORQUENTIEL"
2167,,"NORTUSSINE"
2168,,"NORVIR"
2169,,"NOSCAPECT"
2170,,"NOSTRIL"
2171,,"NOTEZINE"
2172,,"NOVACETOL"
2173,,"NOVALGINE"
2174,,"NOVANTRONE"
2175,,"NOVATREX"
2176,,"NOVAZAM"
2177,,"NOVESINE"
2178,,"NOVOBEDOUZE"
2179,,"NOVODIL"
2180,,"NOVOSEVEN"
2181,,"NOXYFLEX"
2182,,"NOZINAN"
2183,,"NUBAIN"
2184,,"NUCTALON"
2185,,"NUIDOR"
2186,,"NUJOL"
2187,,"NUREFLEX"
2188,,"NUROFEN"
2189,,"NUROFEN RHUME"
2190,,"NUTRIFORCES"
2191,,"NUTRIGENE"
2192,,"NYOLOL"
2193,,"OCTIM"
2194,,"OCTOFENE"
2195,,"OCUFEN"
2196,,"ODDIBIL"
2197,,"ODRIK"
2198,,"OENOBIOL"
2199,,"OESCLIM"
2200,,"OESTRADIOL-RETARD"
2201,,"OESTRODOSE"
2202,,"OESTROGEL"
2203,,"OFLOCET"
2204,,"OFLOCET AURICULAIRE"
2205,,"OGAST"
2206,,"OGYLINE"
2207,,"OLCAM"
2210,,"OLIGOCURE"
2211,,"OLIGODERME"
2214,,"OLIVIASE"
2215,,"OLMIFON"
2216,,"OMIX"
2217,,"OMNIPAQUE"
2218,,"ONCOTAM"
2219,,"ONCOVIN"
2220,,"ONCTOSE"
2221,,"OPALGYNE"
2222,,"OPHTADIL"
2223,,"OPHTASILOXANE"
2224,,"OPHTIM"
2225,,"OPIRAN"
2226,,"OPTALIDON"
2227,,"OPTAMINE"
2228,,"OPTICRON"
2229,,"OPTIJECT"
2230,,"OPTIRAY"
2231,,"OPTREX"
2233,,"ORACEFAL"
2234,,"ORACILLINE"
2235,,"ORALFENE"
2236,,"ORALGAN"
2237,,"ORALGAN CODEINE"
2238,,"ORAP"
2239,,"ORAVIR"
2240,,"ORBENINE"
2241,,"ORDINATOR"
2242,,"ORELOX"
2243,,"ORGAMETRIL"
2244,,"ORGARAN"
2245,,"ORIMETENE"
2246,,"ORNICETIL"
2247,,"ORNIDAZOLE"
2248,,"ORNITAINE"
2249,,"OROBRONZE"
2250,,"OROCAL"
2251,,"OROCAL D3"
2252,,"OROKEN"
2253,,"OROMAG"
2254,,"OROMEDINE"
2255,,"OROMONE"
2256,,"OROPIVALONE BACITRACINE"
2257,,"OROSEPTOL"
2258,,"ORTENAL"
2259,,"ORTHENIUS"
2260,,"ORTHOCLONE OKT3"
2261,,"ORTHO-NOVUM"
2262,,"ORTHOSIPHON"
2263,,"OSFOLATE"
2264,,"OSMOTOL"
2265,,"OSPEN"
2266,,"OSSOPAN"
2267,,"OSTEOFLUOR"
2268,,"OSTRAM"
2269,,"OTIPAX"
2270,,"OTOFA"
2271,,"OTOLYSINE"
2272,,"OTOMIDE"
2273,,"OTORALGYL A LA PHENYLEPHRINE"
2274,,"OTYLOL"
2275,,"OVAMEZZO"
2276,,"OVANON"
2277,,"OVESTIN"
2278,,"OVULES SEDO-HEMOSTATIQUES"
2279,,"OXACILLINE"
2280,,"OXADILENE"
2281,,"OXEOL"
2282,,"OXOVINCA"
2283,,"OXYBOLDINE"
2285,,"OXYPEROL"
2286,,"OXYPLASTINE"
2287,,"OZIDIA"
2288,,"OZOTHINE"
2289,,"OZOTHINE A LA DIPROPHYLLINE"
2290,,"PABASUN"
2291,,"PADERYL"
2292,,"PALACOS GENTAMICINE"
2293,,"PALFIUM"
2294,,"PALIURYL"
2295,,"PALPIPAX"
2296,,"PALUDRINE"
2298,,"PANADOL"
2299,,"PANCREAL"
2300,,"PANFUREX"
2301,,"PANGEN"
2302,,"PANNOGEL"
2303,,"PANOS"
2304,,"PANOTILE"
2305,,"PANOXYL"
2306,,"PANSORAL"
2307,,"PANSPORINE"
2308,,"PANTESTONE"
2309,,"PANXEOL"
2310,,"PAPAVERINE"
2311,,"PARACETAMOL"
2312,,"PARACETAMOL LUCIEN"
2313,,"PARALYOC"
2314,,"PARAMINAN"
2315,,"PARAPLATINE"
2316,,"PARAPLUS"
2317,,"PARA-POUX"
2318,,"PARAPSYLLIUM"
2319,,"PARASIDOSE"
2320,,"PAREGORIQUE LAFRAN"
2321,,"PARFENAC"
2322,,"PARIEVAL"
2323,,"PARKINANE"
2324,,"PARKIPAN"
2325,,"PARLODEL"
2326,,"PASSIFLORA"
2327,,"PASSIFLORE"
2328,,"PASSIFLORINE"
2329,,"PASSINEVRYL"
2330,,"PATE A L'EAU ROCHE-POSAY"
2331,,"PATENTEX"
2332,,"PATES PECTORALES OBERLIN"
2333,,"PAVULON"
2334,,"PAXELADINE"
2335,,"PAXELADINE NOCTEE"
2336,,"PAXYL"
2337,,"PECTOIDS"
2338,,"PECTORAL EDULCOR"
2339,,"PECTOSAN TOUX SECHE"
2340,,"PECTOSAN EXPECTORANT"
2341,,"PECTOTUSSYL"
2342,,"PEDIAZOLE"
2343,,"PEFLACINE"
2344,,"PENGLOBE"
2345,,"PENICILLINE G"
2346,,"PENICLINE"
2347,,"PENTACARINAT"
2348,,"PENTACOQ"
2349,,"PENTASA"
2350,,"PENT-HIBEST"
2351,,"PENTHOTAL"
2352,,"PENTOFLUX"
2353,,"PENTICORT"
2354,,"PEPCIDAC"
2355,,"PEPDINE"
2356,,"PEPSANE"
2358,,"PERCUTAFEINE"
2359,,"PERCUTALGINE"
2360,,"PEREFLAT"
2361,,"PERENAN"
2362,,"PERFANE"
2363,,"PERFOLATE"
2364,,"PERGOTIME"
2365,,"PERIACTINE"
2366,,"PERICALM"
2367,,"PERIDYS"
2368,,"PERISTALTINE"
2369,,"PERKOD"
2370,,"PERMIXON"
2371,,"PERNAZENE"
2372,,"PERSANTINE"
2373,,"PERTOFRAN"
2374,,"PERUBORE"
2375,,"PETITES PILULES CARTERS"
2376,,"PEVARYL"
2377,,"PEVISONE"
2378,,"PEXID"
2379,,"PHAEVA"
2380,,"PHAKAN BUVABLE"
2381,,"PHAKAN GELULE"
2382,,"PHARMATEX"
2383,,"PHARMATON"
2384,,"PHARYNGINE VITAMINE C"
2385,,"PHENERGAN"
2386,,"PHENERGAN CREME"
2387,,"PHENOBARBITAL"
2388,,"PHENOPERIDINE"
2389,,"PHENORO ROCHE"
2390,,"PHENYLALANINE"
2391,,"PHENYLBUTAZONE"
2392,,"PHLEBOGEL"
2393,,"PHOLCODYL"
2394,,"PHOLCONES"
2395,,"PHOSCLEINE"
2396,,"PHOSOFORME"
2397,,"PHOSPHALUGEL"
2398,,"PHOSPHOCHOLINE"
2399,,"PHOSPHOLINE"
2400,,"PHOSPHONEUROS"
2401,,"PHOSPHORE-SANDOZ"
2402,,"PHOTOFRIN"
2403,,"PHYLARM"
2404,,"PHYSIOGINE"
2405,,"PHYSIOMYCINE"
2406,,"PHYSIOSTAT"
2407,,"PHYSIOTENS"
2408,,"PHYTEMAG"
2409,,"PHYTOBRONZ"
2410,,"PHYTOCALM"
2412,,"PHYTOMELIS"
2413,,"PIASCLEDINE"
2414,,"PILO"
2415,,"PILOCARPINE"
2417,,"PILOSURYL"
2418,,"PINDIONE"
2419,,"PINORHINOL"
2420,,"PIPERAZINE"
2421,,"PIPERACILLINE"
2422,,"PIPERILLINE"
2423,,"PIPIOL"
2424,,"PIPORTIL"
2425,,"PIPRAM"
2426,,"PIRACETAM"
2427,,"PIRILENE"
2428,,"PIRITON"
2429,,"PIROXICAM"
2430,,"PIVALONE"
2431,,"PIVALONE NEOMYCINE"
2432,,"PLANOR"
2433,,"PLANPHYLLINE"
2434,,"PLAQUENIL"
2435,,"PLASMAGEL"
2436,,"PLASMION"
2437,,"PLASTENAN"
2438,,"PLASTENAN NEOMYCINE"
2439,,"PLAVIX"
2440,,"PLENYL"
2441,,"PLETHORYL"
2442,,"PLITICAN"
2443,,"PLUREXID"
2444,,"PLURIBIASE"
2445,,"PLURIFACTOR"
2447,,"PNEUMOGEINE"
2448,,"PNEUMOPAN"
2449,,"PNEUMOREL"
2450,,"P.O.12"
2451,,"PODOPHYLLINE"
2452,,"POLARAMINE"
2453,,"POLARAMINE PECTORAL"
2454,,"POLERY"
2455,,"POLIODINE"
2457,,"POLYDEXA"
2458,,"POLYDEXA A LA PHENYLEPHRINE"
2459,,"POLYFRA"
2460,,"POLYGYNAX"
2461,,"POLYKARAYA"
2462,,"POLYMYXINE"
2463,,"POLYPIRINE"
2464,,"POLYSILANE"
2465,,"POLYTONYL"
2466,,"PONALIDE"
2467,,"PONDERAL"
2468,,"PONSTYL"
2469,,"POSICYCLINE"
2470,,"POSINE"
2471,,"POTASSIUM"
2472,,"POUDRE DE PANCREAS"
2473,,"POVANYL"
2474,,"PRACTAZIN"
2475,,"PRACTON"
2476,,"PRAGMAREL"
2477,,"PRANDIOL"
2478,,"PRANTAL"
2479,,"PRAXADIUM"
2480,,"PRAXILENE"
2481,,"PRAXINOR"
2482,,"PRAZINIL"
2483,,"PRECYCLAN LEO"
2484,,"PREDICTOR"
2485,,"PREFAGYL"
2486,,"PREFAMONE"
2487,,"PREFINE"
2488,,"PREMARIN"
2489,,"PREPACOL"
2490,,"PRE-PAR"
2491,,"PREPARATION H CREME"
2492,,"PREPARATION H SUPPO"
2493,,"PREPARATION H VEINOTONIC"
2494,,"PEPRIDIL"
2495,,"PREPULSID"
2496,,"PRESTOLE"
2497,,"PRETERAX"
2498,,"PRETONINE"
2499,,"PREVIGRIP"
2500,,"PREVISCAN"
2501,,"PREXIDINE"
2502,,"PRIMALAN"
2503,,"PRIMOLUT-NOR"
2504,,"PRIMPERAN"
2505,,"PRIMYXINE"
2506,,"PRINACTIZIDE"
2507,,"PRINCI-B FORT"
2508,,"PRINIVIL"
2509,,"PRINZIDE"
2510,,"PRIODERM"
2511,,"PRIVATUX"
2512,,"PROAMPI"
2513,,"PROBANTHINE"
2514,,"PROCAINE"
2515,,"PROCTOCORT"
2516,,"PROCTOLOG"
2517,,"PRO-DAFALGAN"
2518,,"PRODASONE"
2519,,"PRODILANTIN"
2520,,"PROFENID"
2521,,"PROFENID GEL"
2522,,"PROGESTERONE"
2523,,"PROGESTERONE-RETARD PHARLON"
2524,,"PROGESTOGEL"
2525,,"PROGESTOSOL"
2526,,"PROGLICEM"
2527,,"PROGRAF"
2528,,"PROGYLUT"
2529,,"PROGYNOVA"
2530,,"PROHANCE"
2531,,"PROKYNIL"
2532,,"PROLAIR"
2533,,"PROLEUKIN"
2534,,"PROMINCIL GELULE"
2535,,"PROMINCIL SUSPENSION"
2536,,"PROMOTIL"
2537,,"PRONTALGINE"
2538,,"PROPESS"
2539,,"PROPINE"
2540,,"PROPIOCINE"
2541,,"PROPIONATE DE SODIUM"
2542,,"PROPOFAN"
2543,,"PROPRANOLOL"
2544,,"PROPYLTHIOURACILE"
2545,,"PRORHINEL"
2546,,"PROSTADIREX"
2547,,"PROSTIGMINE"
2548,,"PROSTINE"
2549,,"PROSTINE GEL"
2550,,"PROTAMINE"
2551,,"PROTANGIX"
2552,,"PROTHIADEN"
2553,,"PROTOXYDE D'AZOTE"
2554,,"PROVAMES"
2555,,"PROXALYOC"
2556,,"PROZAC"
2557,,"PSEUDO-EPHEDRINE"
2558,,"PSEUDOPHAGE"
2559,,"PSORADERM"
2560,,"PSYLIA"
2561,,"PSYLLIUM"
2562,,"PULMADOL SIROP"
2563,,"PULMICORT"
2564,,"PULMOCOD"
2565,,"PULMOFLUIDE SIMPLE"
2566,,"PULMOLL PASTILLES"
2567,,"PULMOLL MENTHE EUCALYPTUS"
2568,,"PULMOSERUM"
2569,,"PULMOSODYL"
2570,,"PULMOZYME"
2571,,"PULVO 47 NEOMYCINE"
2572,,"PUREGON"
2573,,"PURINETHOL"
2574,,"PURSENNIDE"
2575,,"P.VEINOS"
2576,,"PYGMAL"
2577,,"PYOCEFAL"
2578,,"PYOSTACINE"
2579,,"PYRALVEX"
2580,,"PYREFLOR LOTION"
2581,,"PYREFLOR SHAMPOOING"
2582,,"PYRIDOXINE"
2583,,"PYRIDIUM"
2584,,"PYRIMETHAMINE"
2585,,"QUADRAMET"
2586,,"QUADRASA"
2587,,"QUAM"
2588,,"QUESTRAN"
2589,,"QUINIDURULE"
2590,,"QUINIMAX"
2591,,"QUININE"
2592,,"QUININE VITAMINE C"
2593,,"QUINISEDINE"
2594,,"QUINOCARBINE"
2595,,"QUINOFORME"
2596,,"QUINTONINE"
2597,,"QUINTOPAN"
2598,,"QUITADRILL"
2599,,"QUITAXON"
2600,,"QUOTANE"
2601,,"QUOTIVIT O.E."
2602,,"RADIOSELECTAN"
2603,,"RAMET"
2604,,"RANGASIL"
2605,,"RANIPLEX"
2606,,"RAPIFEN"
2607,,"RAPILYSIN"
2608,,"REBIF"
2609,,"RECOMBINATE"
2610,,"RECTOPANBILINE"
2611,,"RECTOPHEDROL"
2612,,"RECTOPLEXIL"
2613,,"RECTOQUOTANE"
2614,,"RECTOVALONE"
2615,,"REFLEX SPRAY"
2616,,"REFLUDAN"
2617,,"REFRESH"
2618,,"REGAINE"
2619,,"RELAXINE"
2620,,"RELAXODDI"
2621,,"RELVENE"
2622,,"RENESE"
2623,,"RENITEC"
2624,,"RENNIE"
2625,,"RENNIE DEFLATINE"
2626,,"REOPRO"
2627,,"REPARIL"
2629,,"REPTILASE"
2630,,"REQUIP"
2631,,"RESERPINE"
2632,,"RESORCINE"
2633,,"RESPILENE"
2634,,"RETACNYL"
2635,,"RETIN A"
2636,,"RETINOVA"
2637,,"RETITOP"
2638,,"RETROVIR"
2639,,"REVASC"
2640,,"REVIA"
2641,,"REVITALOSE"
2642,,"REXORT"
2643,,"RHEOBRAL"
2644,,"RHEOFLUX"
2645,,"RHEOMACRODEX"
2646,,"RHINAAXIA"
2647,,"RHINADVIL"
2648,,"RHINALAIR"
2649,,"RHINAMIDE"
2650,,"RHINATHIOL EXPECTORANT"
2651,,"RHINATHIOL TOUX SECHE"
2652,,"RHINATHIOL PROMETHAZINE"
2653,,"RHINATP"
2654,,"RHINEDRINE"
2655,,"RHINIREX"
2656,,"RHINOBIOTAL"
2657,,"RHINOFEB"
2658,,"RHINOFEBRAL"
2659,,"RHINOFLUIMUCIL"
2660,,"RHINOPTEN"
2661,,"RHINO-SULFURYL"
2662,,"RHINOTROPHYL"
2663,,"RHINUREFLEX"
2664,,"RHINYL"
2665,,"RHONAL"
2666,,"RHUBARBE"
2667,,"RHUMAGRIP"
2668,,"RIABAL"
2669,,"RIBATRAN"
2670,,"RIBOMUNYL"
2671,,"RICRIDENE"
2672,,"RIDAURAN"
2673,,"RIFADINE"
2674,,"RIFAMYCINE"
2675,,"RIFAMYCINE COLLYRE"
2676,,"RIFATER"
2677,,"RIFINAH"
2678,,"RIFOCINE"
2679,,"RILUTEK"
2680,,"RIMACTAN"
2681,,"RIMIFON"
2682,,"RINGER"
2683,,"RINGER LACTATE"
2684,,"RINUREL"
2685,,"RINUTAN"
2686,,"RIOPAN"
2687,,"RISORDAN"
2688,,"RISPERDAL"
2689,,"RITALINE"
2690,,"RIVOTRIL"
2691,,"ROACCUTANE"
2692,,"ROACCUTANE GEL"
2693,,"ROCALTROL"
2694,,"ROCEPHINE"
2695,,"ROCGEL"
2696,,"ROCMALINE"
2697,,"RODOGYL"
2698,,"ROFERON"
2699,,"ROFLUAL"
2700,,"ROHYPNOL"
2701,,"ROMARENE"
2702,,"ROMARINEX"
2703,,"ROSAMPLINE"
2704,,"ROSICED"
2705,,"ROUVAX"
2706,,"ROVAMYCINE"
2707,,"ROVIGON"
2708,,"ROWASA"
2709,,"ROZAGEL"
2710,,"ROZEX"
2711,,"RUBIDAZONE"
2712,,"RUBITRACINE"
2713,,"RUBOZINC"
2714,,"RUDI-ROUVAX"
2715,,"RUDIVAX"
2716,,"RUFOL"
2717,,"RULID"
2718,,"RUMAFLUOR"
2719,,"RUMALON"
2720,,"RUMICINE"
2721,,"RUPTON"
2722,,"RYTHMODAN"
2723,,"RYTHMOL"
2724,,"SABRIL"
2725,,"SACOLENE"
2726,,"SAIZEN"
2727,,"SALAZOPYRINE"
2728,,"SALBUMOL"
2729,,"SALBUTAMOL"
2730,,"SALGYDAL"
2731,,"SALIBRA"
2732,,"SALICAIRINE"
2733,,"SALIPRAN"
2734,,"SANDIMMUN"
2735,,"SANDOCAL 500"
2736,,"SANDOGLOBULINE"
2737,,"SANDOSTATINE"
2738,,"SANMIGRAN"
2739,,"SAPROL"
2740,,"SARGENOR"
2741,,"SARGEPIRINE"
2743,,"SAVARINE"
2744,,"SCABECID"
2745,,"SCHOUM"
2746,,"SCLEREMO"
2747,,"SCOPODERM"
2748,,"SEBRANE TOUX SECHE"
2749,,"SECALIP"
2750,,"SECTRAL"
2751,,"SEDACOLLYRE"
2752,,"SEDALOZIA"
2753,,"SEDAPLAIE"
2754,,"SEDARENE"
2755,,"SEDARTRYL"
2756,,"SEDASPIR"
2757,,"SEDATIF TIBER"
2758,,"SEDATONYL"
2759,,"SEDERMYL"
2760,,"SEDIBAINE"
2761,,"SEDOPAL"
2762,,"SEDOPHON"
2763,,"SEDORRHOIDE"
2764,,"SEGLOR"
2765,,"SELEGILINE"
2766,,"SELENION"
2767,,"SELENIUM"
2768,,"SELEXID"
2769,,"SELOKEN"
2770,,"SELSUN"
2771,,"SEMAP"
2772,,"SEMICID"
2773,,"SENE"
2774,,"SENOKOT"
2775,,"SENOPHILE"
2776,,"SEPTANEST"
2777,,"SEPTEAL"
2778,,"SEPTIVON"
2779,,"SERC"
2780,,"SERECOR"
2781,,"SERENOL"
2782,,"SERESTA"
2783,,"SEREVENT"
2784,,"SERIEL"
2785,,"SERMION"
2786,,"SEROPRAM"
2787,,"SERUM ANTITETANIQUE"
2788,,"SEVOFLURANE"
2789,,"SIBELIUM"
2790,,"SICAZINE"
2791,,"SICCAFLUID"
2793,,"SILIGAZ"
2794,,"SILIPRELE"
2795,,"SILOMAT"
2796,,"SIMULECT"
2797,,"SINEMET"
2798,,"SINEQUAN"
2799,,"SINGULAIR"
2800,,"SINTROM"
2801,,"SIROP DES VOSGES TOUX"
2802,,"SIROP DES VOSGES EXPECTORANT"
2803,,"SIROP TEYSSEDRE"
2804,,"SISOLLINE"
2805,,"SKELID"
2806,,"SKENAN LP"
2807,,"SKIACOL"
2808,,"SKINOREN"
2809,,"SMECTA"
2810,,"SOFRAMYCINE"
2811,,"SOFRAMYCINE HYDROCORTISONE"
2812,,"SOFRAMYCINE NAPHAZOLINE"
2813,,"SOKER"
2814,,"SOLACY"
2815,,"SOLASKIL"
2816,,"SOLIAN"
2817,,"SOLMUCOL"
2818,,"SOLNICOL"
2819,,"SOLUBACTER"
2820,,"SOLUCORT OPTHA"
2821,,"SOLUDACTONE"
2822,,"SOLUDECADRON"
2823,,"SOLUDIAL BICARBONATE"
2824,,"SOLUFEN"
2825,,"SOLUMAG"
2826,,"SOLU-MEDROL"
2827,,"SOLU-MEDROL AEROSOL"
2828,,"SOLUPRED"
2829,,"SOLUPSAN"
2830,,"SOLUTION STAGO"
2831,,"SOLUTRICINE TETRACAINE"
2832,,"SOLUTRICINE VIT C"
2833,,"SOLUVIT"
2834,,"SOMATOSTATINE"
2835,,"SOMATULINE LP"
2836,,"SONUCTANE"
2837,,"SOPHTAL"
2838,,"SOPROL"
2839,,"SORIATANE"
2840,,"SOTALEX"
2841,,"SOUFRANE"
2842,,"SOUFRE MICROSOL"
2843,,"SPAGULAX"
2844,,"SPAGULAX AU CITRATE DE POTASSIUM"
2845,,"SPAGULAX AU SORBITOL"
2846,,"SPANOR"
2847,,"SPASFON"
2848,,"SPASFON-LYOC"
2849,,"SPASMAG"
2850,,"SPASMAVERINE COMPRIME"
2851,,"SPASMAVERINE SUPPO"
2852,,"SPASMIDENAL JOLLY"
2853,,"SPASMINE"
2854,,"SPASMODEX"
2855,,"SPASMOPRIV"
2856,,"SPASMOSEDINE"
2857,,"SPASSIREX"
2858,,"SPECIAFOLDINE"
2859,,"SPECILLINE"
2860,,"SPEVIN"
2861,,"SPICLINE"
2862,,"SPIR"
2863,,"SPIRAMYCINE"
2864,,"SPIRAMYCINE COQUELUSEDAL"
2865,,"SPIROCTAN"
2866,,"SPIROCTAZINE"
2867,,"SPIRONOLACTONE"
2868,,"SPIRONOLACTONE ALTIZIDE"
2869,,"SPIRONONE"
2870,,"SPITADERM"
2871,,"SPLENOCARBINE"
2872,,"SPORANOX"
2873,,"SPORILINE"
2874,,"SPOTOF"
2875,,"SPRAY-PAX"
2876,,"SPREGAL"
2877,,"SPREOR"
2878,,"SQUAD"
2879,,"SRILANE"
2880,,"ST-52"
2881,,"STABLON"
2882,,"STAGID"
2883,,"STALLERGENES"
2884,,"STALTOR"
2885,,"STAMARIL"
2886,,"STEDIRIL"
2887,,"STER-DEX"
2888,,"STERILLIUM"
2889,,"STERIMYCINE"
2890,,"STERLANE"
2891,,"STEROGYL"
2892,,"STILLA"
2893,,"STILLARGOL COLLYRE"
2894,,"STILNOX"
2895,,"STIMOL"
2896,,"STIMU-LH"
2897,,"STIMUPLEXE"
2898,,"STIMU-TSH"
2899,,"STIMYCINE"
2900,,"STIVANE"
2901,,"STOMEDINE"
2902,,"STOMORGYL"
2903,,"STRATENE"
2904,,"STREPSILS"
2905,,"STREPSILS VITAMINE C"
2906,,"STREPSILSPRAY"
2907,,"STREPTASE"
2908,,"STRESAM"
2909,,"STRIADYNE"
2910,,"STROMECTOL"
2911,,"STRUCTUM"
2912,,"STRYCHNAL"
2913,,"SUBUTEX"
2914,,"SUCARYL"
2915,,"SUCCICAPTAL"
2916,,"SUCCICURARIUM"
2917,,"SUCCINIMIDE"
2918,,"SUCRALFATE"
2919,,"SUDAFED"
2920,,"SUFENTA"
2921,,"SULFA-BLEU"
2922,,"SULFAMETHOXAZOLE"
2923,,"SULFARLEM"
2924,,"SULFURYL"
2925,,"SULPIRIDE"
2926,,"SULTOPRIDE"
2927,,"SUMATRIPTAN"
2928,,"SUPADOL"
2929,,"SUPERBIOMIN"
2930,,"SUPPOMALINE"
2931,,"SUPRADYNE"
2932,,"SUPRALOX"
2933,,"SUPRANE"
2934,,"SUPREFACT"
2935,,"SUP-RHINITE"
2936,,"SURBRONC"
2937,,"SURELEN"
2938,,"SUREPTIL"
2939,,"SURFORTAN"
2940,,"SURGAM"
2941,,"SURGESTONE"
2942,,"SURMONTIL"
2943,,"SURVECTOR"
2944,,"SURVITINE"
2945,,"SYMPANEUROL"
2946,,"SYMPATHYL AVEC PHENOBARB"
2947,,"SYMPAVAGOL"
2948,,"SYNACTHENE"
2949,,"SYNALAR"
2950,,"SYNALAR NEOMYCINE"
2951,,"SYNAREL"
2952,,"SYNCORTYL"
2953,,"SYNEDIL"
2954,,"SYNERGON"
2955,,"SYNERGYL"
2956,,"SYNTHOL"
2957,,"SYNTOCINON"
2958,,"SYNTOFENE"
2959,,"SYSTEN"
2960,,"TADENAN"
2961,,"T.A.O."
2962,,"T.T.D.-B3-B4"
2963,,"TAGAMET"
2964,,"TAHOR"
2965,,"TAKETIAM"
2966,,"TALOXA"
2967,,"TALUSIN"
2968,,"TAMARINE"
2969,,"TAMIK"
2970,,"TAMOFENE"
2971,,"TAMOXIFENE"
2972,,"TANAKAN"
2973,,"TANDERIL"
2974,,"TANGANIL"
2975,,"TARDYFERON"
2976,,"TARDYFERON B9"
2977,,"TAREG"
2978,,"TARGOCID"
2979,,"TARITUX"
2980,,"TAXOL"
2981,,"TAXOTERE"
2982,,"TAZOCILLINE"
2983,,"TEALINE"
2984,,"TEATROIS"
2985,,"TEDRALAN"
2986,,"TEGELINE"
2987,,"TEGRETOL"
2988,,"TELDANE"
2989,,"TELEBRIX"
2990,,"TELEBRIX HYSTERO"
2991,,"TELFAST"
2992,,"TEMESTA"
2993,,"TEMGESIC"
2994,,"TENORDATE"
2995,,"TENORMINE"
2996,,"TENSIONORME"
2997,,"TENSOPHORIL"
2998,,"TENSTATEN"
2999,,"TENUATE DOSPAN"
3000,,"TERALITHE"
3001,,"TERCIAN"
3002,,"TERCODINE"
3003,,"TERFLUZINE"
3004,,"TERGYNAN"
3005,,"TERIAM"
3006,,"TERLOMEXIN"
3007,,"TERNEURINE"
3008,,"TERPINE DES MONTS-DORE"
3009,,"TERPINE GONNON"
3010,,"TERPONE"
3011,,"TERRAMYCINE"
3012,,"TERSIGAT"
3013,,"TESTOSTERONE"
3014,,"TESTOSTERONE GEL"
3015,,"TETAGRIP"
3016,,"TETAVAX"
3017,,"TETRACOQ"
3018,,"TETRACYCLINE"
3020,,"TETRAGYNON"
3021,,"TETRALYSAL"
3022,,"TETRAMIG"
3023,,"TETRANASE"
3024,,"TETRAPONGYL"
3025,,"TEXODIL"
3026,,"THALIDOMIDE"
3027,,"THAMACETAT"
3028,,"THEINOL"
3029,,"THEOLAIR"
3030,,"THEOPEXINE"
3031,,"THEOPHYLLINE"
3032,,"THEOSTAT"
3033,,"THEPRUBICINE"
3034,,"THERALENE"
3035,,"THIABENDAZOLE"
3036,,"THIOBANZYME"
3037,,"THIOCOLCHICOSIDE"
3038,,"THIOMUCASE"
3039,,"THIOPHENICOL"
3040,,"THIOVALONE"
3041,,"THIRIAL"
3042,,"TIADALON"
3043,,"TIAPRIDAL"
3044,,"TIAPRIDE"
3045,,"TIBERAL"
3046,,"TIBURON"
3047,,"TICARPEN"
3048,,"TICLID"
3049,,"TIENAM"
3050,,"TIFOMYCINE"
3051,,"TIGASON"
3052,,"TILADE"
3053,,"TILAVIST"
3054,,"TILCOTIL"
3055,,"TILDIEM"
3056,,"TIMABAK"
3057,,"TIMACOR"
3058,,"TIMOLOL"
3059,,"TIMOLOL COLLYRE"
3060,,"TIMAXEL"
3061,,"TIMOPTOL"
3062,,"TIMPILO"
3063,,"TINSET"
3064,,"TIORFAN"
3065,,"TISANE HEPATIQUE DE HOERDT"
3066,,"TITANOREINE SUPPOSITOIRE"
3067,,"TIXAIR"
3068,,"TOBRADEX"
3069,,"TOBREX"
3070,,"TOCLASE EXPECTORANT"
3071,,"TOCLASE TOUX SECHE"
3072,,"TOCO 500"
3073,,"TOCOGESTAN"
3074,,"TOCOLION"
3075,,"TOCOMINE"
3076,,"TOCOPHAN"
3077,,"TOFRANIL"
3078,,"TOLEXINE"
3079,,"TOMUDEX"
3080,,"TONACTIL"
3081,,"TONIBRAL"
3082,,"TONICALCIUM"
3083,,"TONILAX"
3084,,"TOPAAL"
3085,,"TOPALGIC"
3086,,"TOPFENA"
3087,,"TOPFENA GEL"
3088,,"TOPICORTE"
3089,,"TOPIFRAM"
3090,,"TOPLEXIL"
3091,,"TOP-MAG"
3092,,"TOPREC"
3093,,"TOPSYNE"
3094,,"TOPSYNE NEOMYCINE"
3095,,"TORECAN"
3096,,"TORENTAL"
3097,,"TOTAPEN"
3098,,"TOT'HEMA"
3099,,"TOXINE BOTULINIQUE"
3100,,"TRACRIUM"
3101,,"TRAMISAL"
3102,,"TRANCOGESIC"
3103,,"TRANCOPAL"
3104,,"TRANDATE"
3105,,"TRANQUITAL"
3106,,"TRANSACALM"
3107,,"TRANSILANE"
3108,,"TRANSIPEG"
3109,,"TRANSITOL"
3110,,"TRANSODDI"
3111,,"TRANSULOSE"
3112,,"TRANSVERCID"
3113,,"TRANXENE"
3114,,"TRASICOR"
3115,,"TRASIPRESSOL"
3116,,"TRASITENSINE"
3117,,"TRASYLOL"
3118,,"TRAUMALGYL"
3119,,"TREDEMINE"
3120,,"TRENTADIL"
3121,,"TRENTOVLANE"
3122,,"TRETINOINE"
3123,,"TRIACANA"
3124,,"TRIACANA CREME"
3125,,"TRIAMINIC"
3126,,"TRIATEC"
3127,,"TRIDESONIT"
3128,,"TRIELLA"
3129,,"TRIFLUCAN"
3130,,"TRIFLURIDINE"
3132,,"TRIHERPINE"
3133,,"TRILIFAN"
3134,,"TRIMADIAZ ANTRIMA"
3135,,"TRIMEBUTINE"
3136,,"TRIMETAZIDINE"
3137,,"TRI-MINULET"
3138,,"TRINIPATCH"
3139,,"TRINITRINE"
3140,,"TRINITRINE CAFEINE"
3141,,"TRINORDIOL"
3142,,"TRIO-D"
3143,,"TRIPERIDOL"
3144,,"TRIPHOSMAG"
3145,,"TRISEQUENS"
3146,,"TRIVASTAL"
3148,,"TROBICINE"
3149,,"TROLOVOL"
3150,,"TROMBOVAR"
3151,,"TROMEXANE"
3152,,"TRONOTHANE"
3153,,"TROPHICREME"
3154,,"TROPHIDERM"
3155,,"TROPHIGIL"
3157,,"TROPHIRES SIROP"
3158,,"TROPHIRES SUPPO"
3159,,"TROPHIRES COMPOSE"
3160,,"TROPICAMIDE"
3161,,"TROSYD"
3162,,"TRUSOPT"
3163,,"TRYPTOCALM"
3164,,"TRYPTOPHANE"
3165,,"TUBERCULINE PURIFIEE"
3166,,"TUSSIDORON"
3167,,"TUSSIFED"
3168,,"TUSSILENE"
3170,,"TUSSIPAX"
3171,,"TUSSISEDAL"
3172,,"TUXIUM"
3173,,"TYLENOL"
3174,,"TYLENOL SINUS"
3175,,"TYPHIM VI"
3176,,"TYRCINE"
3177,,"TYROSINE"
3178,,"ULCAR"
3179,,"ULCIREX"
3180,,"ULFON"
3181,,"ULTIVA"
3182,,"ULTRADERME"
3183,,"ULTRALAN"
3184,,"ULTRA-LEVURE"
3185,,"ULTRAPROCT"
3186,,"ULTRAVIST"
3187,,"UMATROPE"
3188,,"UMULINE"
3189,,"UNACIM"
3190,,"UN-ALPHA"
3191,,"UNICORDIUM"
3192,,"UNIFLOX"
3193,,"UPFEN"
3194,,"UPSTENE"
3195,,"URBANYL"
3196,,"UREMIASE"
3197,,"URICOZYME"
3198,,"URIDEAL"
3199,,"URIDOZ"
3200,,"URION"
3201,,"URISPAS"
3202,,"UROALPHA"
3204,,"UROKINASE"
3205,,"UROMIL"
3206,,"UROMITEXAN"
3207,,"UROPHYTUM"
3208,,"UROSIPHON"
3209,,"UROTRATE"
3210,,"URSOLVAN"
3211,,"UTEPLEX"
3212,,"UTROGESTAN"
3213,,"UVEDOSE"
3215,,"UVESTEROL VITAMINE ADEC"
3216,,"UVESTEROL D"
3217,,"UVIMAG B6"
3218,,"VACCIN BCG"
3219,,"VACCIN CCB"
3220,,"VACCIN D.T."
3221,,"VACCIN D.T.COQ"
3222,,"VACCIN D.T. TAB"
3223,,"VACCIN D.T.C.P."
3224,,"VACCIN D.T.POLIO"
3225,,"VACCIN D.T.VAX"
3226,,"VACCIN ENGERIX B"
3227,,"VACCIN FIEVRE JAUNE"
3228,,"VACCIN GENHEVAC"
3229,,"VACCIN GRIPPE"
3230,,"VACCIN HAVRIX"
3232,,"VACCIN HEPATITE A"
3233,,"VACCIN HEPATITE B"
3234,,"VACCIN LEPTOSPIRES"
3235,,"VACCIN MENINGOCOQUE A+C"
3236,,"VACCIN PNEUMO 23"
3237,,"VACCIN POLIO"
3238,,"VACCIN POLIO BUVABLE"
3239,,"VACCIN RAGE"
3240,,"VACCIN ROR"
3241,,"VACCIN RUBEOLE"
3242,,"VACCIN T.P."
3243,,"VACCIN TAB"
3244,,"VACCIN TETANOS"
3245,,"VACCIN TETRACOQ"
3246,,"VACCIN TWINRIX"
3247,,"VACCIN TYPHOIDE"
3248,,"VACCIN VARICELLE"
3249,,"VADILEX"
3250,,"VAGOSTABYL"
3251,,"VALDA PASTILLES"
3253,,"VALERIANE"
3254,,"VALIUM"
3255,,"VALPROATE DE SODIUM"
3256,,"VANCOCINE"
3257,,"VANCOMYCINE"
3258,,"VANILONE"
3259,,"VAQTA"
3260,,"VARNOLINE"
3261,,"VASCOCITROL"
3262,,"VASCUNORMYL"
3263,,"VASOBRAL"
3264,,"VASOCET"
3265,,"VASODISTAL"
3266,,"VASTAREL"
3267,,"VASTEN"
3268,,"VAXICOQ"
3269,,"VAXIGRIP"
3270,,"VECTARION"
3271,,"VECTREN"
3272,,"VECTRINE"
3273,,"VEGADEINE"
3275,,"VEGANINE"
3276,,"VEGEBOM"
3277,,"VEGELAX"
3278,,"VEGETOSERUM-CODETHYLLINE"
3279,,"VEHEM"
3280,,"VEINAMITOL"
3281,,"VEINOBIASE"
3282,,"VEINOPHYTUM"
3283,,"VEINOSTASE"
3284,,"VEINOTONYL"
3285,,"VELBE"
3286,,"VELITEN"
3287,,"VENIRENE"
3288,,"VENOFER"
3289,,"VENTODISKS"
3290,,"VENTOLINE"
3291,,"VEPESIDE"
3292,,"VENUGYL"
3293,,"VERAPAMIL"
3294,,"VERATRAN"
3295,,"VERCYTE"
3296,,"VERICARDINE"
3297,,"VERMIFUGE SORIN"
3298,,"VERMOX"
3299,,"VERRUFILM"
3300,,"VERRULYSE"
3301,,"VERRUPAN"
3302,,"VERUTAL"
3303,,"VESADOL"
3304,,"VESANOID"
3305,,"VEYBIROL THYROTHRICINE"
3307,,"VIAGRA"
3308,,"VIBALGAN"
3309,,"VIBRAMYCINE"
3310,,"VIBRAVEINEUSE"
3311,,"VIBTIL"
3312,,"VICKS PASTILLE"
3313,,"VICKS EXPECTORANT"
3314,,"VICKS RHUME"
3315,,"VICKS SIROP PECTORAL"
3316,,"VICKS TOUX SECHE"
3317,,"VICKS VAPOSYRUP EXPECTORANT"
3318,,"VICKS VAPOSYRUP TOUX SECHE"
3319,,"VICTAN"
3320,,"VIDEX"
3321,,"VIDORA"
3322,,"VIGILOR"
3323,,"VINCA"
3324,,"VINCAFOR"
3325,,"VINCARUTINE"
3326,,"VINCRISTINE"
3327,,"VIRA-A"
3328,,"VIRACEPT"
3329,,"VIRAFERON"
3330,,"VIRA-MP"
3331,,"VIRA-MP GEL"
3332,,"VIRAMUNE"
3333,,"VIRAZOLE"
3334,,"VIRGAN"
3335,,"VIRLIX"
3336,,"VIROPHTA"
3337,,"VIRUSTAT"
3338,,"VISCERALGINE"
3339,,"VISCERALGINE FORTE"
3340,,"VISCERALGINE FORTE SUPPO"
3341,,"VISCOTIOL"
3342,,"VISIODOSE"
3343,,"VISIPAQUE"
3344,,"VISKALDIX"
3345,,"VISKEN"
3346,,"VISTIDE"
3347,,"VITA 3"
3348,,"VITABACT"
3349,,"VITACIC"
3350,,"VITA-DERMACIDE"
3351,,"VITADONE"
3352,,"VITALGINE"
3353,,"VITALIPIDE"
3354,,"VITAMINE A"
3355,,"VITAMINE A COLLYRE"
3357,,"VITAMINE B1"
3358,,"VITAMINE B2"
3359,,"VITAMINE B12"
3360,,"VITAMINE B1-B6 "
3361,,"VITAMINE B1-B6-B12"
3362,,"VITAMINE B6"
3363,,"VITAMINE C"
3364,,"VITAMINE D"
3365,,"VITAMINE D3"
3366,,"VITAMINE E"
3367,,"VITAMINE K"
3368,,"VITAMINE K1"
3369,,"VITAPHAKOL"
3370,,"VITASCORBOL"
3371,,"VITATHION"
3372,,"VITRAX"
3373,,"VIVALAN"
3374,,"VIVAMYNE"
3375,,"VIVENE"
3377,,"VOCADYS"
3378,,"VOGALENE"
3379,,"VOLDAL"
3380,,"VOLTARENE"
3381,,"VOLTARENE COLLYRE"
3382,,"VOLTARENE EMULGEL"
3383,,"WELLCOPRIM"
3384,,"WELLVONE"
3385,,"XALATAN"
3386,,"XANAX"
3387,,"XANTHIUM"
3388,,"XATEN"
3389,,"XATRAL"
3390,,"XENETIX"
3391,,"XENICAL"
3392,,"XENID"
3393,,"XENID GEL"
3394,,"X-PREP"
3395,,"XYLOCAINE"
3396,,"XYLOCAINE A LA NAPHAZOLINE"
3397,,"XYLOCAINE ADRENALINE"
3398,,"XYLOCARD"
3399,,"YOHIMBINE"
3400,,"YSE"
3401,,"YSE GLUTAMIQUE"
3402,,"ZACNAN"
3403,,"ZADITEN"
3404,,"ZADIL"
3405,,"ZAGAM"
3406,,"ZAMOCILLINE"
3407,,"ZANOSAR"
3408,,"ZARONTIN"
3409,,"ZATUR"
3410,,"ZAVEDOS"
3411,,"ZECLAR"
3412,,"ZEDEN"
3413,,"ZEEFRA"
3414,,"ZELITREX"
3415,,"ZENIUM"
3416,,"ZENTEL"
3417,,"ZERIT"
3418,,"ZESTORETIC"
3419,,"ZESTRIL"
3420,,"ZIDAC"
3421,,"ZINC INJECTABLE"
3422,,"ZINNAT"
3423,,"ZITHROMAX"
3424,,"ZOCOR"
3425,,"ZOFORA"
3426,,"ZOLADEX"
3427,,"ZOLOFT"
3428,,"ZOLTUM"
3429,,"ZOMACTON"
3430,,"ZOMIG"
3431,,"ZONDAR"
3432,,"ZOPHREN"
3433,,"ZOVIRAX"
3434,,"ZOVIRAX CREME"
3435,,"ZOVIRAX OPHTALMIQUE"
3436,,"ZYLORIC"
3437,,"ZYMA-D2"
3438,,"ZYMAFLUOR"
3439,,"ZYMIZINC"
3440,,"ZYMOPLEX"
3441,,"ZYPREXA"
3442,,"ZYRTEC"
3443,,
3445,,"A CREER"
3446,,"ALIMENT(S)"
3447,,"AMALGAME DENTAIRE"
3448,,"ANGIOGRAPHIE NON ABDOMINA"
3449,,"ANGIOGRAPHIE ABDOMINALE"
3450,,"ANGIOGRAPHIE FLUORESCEINE"
3451,,"ARTHROGRAPHIE"
3452,,"CANNABIS"
3453,,"CARDIOVERSION"
3454,,"CHAMPIGNON(S)"
3455,,"COCAINE"
3456,,"COMPLEMENT ALIMENTAIRE"
3457,,"COSMETIQUE"
3458,,"CREATINE"
3459,,"CYSTOGRAPHIE"
3460,,"CYTOMEGALOVIROSE"
3461,,"DECHARGE ELECTRIQUE"
3462,,"DESENSIBILISATION"
3463,,"ECSTASY"
3464,,"GLYCERINE"
3465,,"GLUTHATION"
3466,,"HASHISH"
3467,,"HEPATITE VIRALE A"
3468,,"HERBALIFE"
3469,,"HEROINE"
3470,,"HERPES"
3471,,"HYSTEROGRAPHIE"
3472,,"INFECTION URINAIRE"
3473,,"INFRA ROUGE"
3474,,"IONTOPHORESE"
3475,,"LASER"
3476,,"LAVEMENT BARYTE"
3477,,"LISTERIOSE"
3478,,"LSD"
3479,,"MEDICAMENT ETRANGER"
3480,,"MEDICAMENT TOPIQUE"
3481,,"MEDICAMENT VETERINAIRE"
3482,,"MESOTHERAPIE"
3483,,"MICRO ONDES"
3484,,"OPIUM"
3485,,"OREILLON"
3486,,"INSECTE (PIQURE)"
3487,,"PREPARATION MAGISTRALE"
3488,,"PRODUIT DIETETIQUE"
3489,,"PRODUIT RADIOACTIF"
3490,,"PUVATHERAPIE"
3491,,"RACHIANESTHESIE"
3492,,"RADIO-ELEMENT"
3493,,"RADIOGRAPHIE ABDOMEN"
3494,,"RADIOGRAPHIE BASSIN"
3495,,"RADIOGRAPHIE CHEVILLE"
3496,,"RADIOGRAPHIE COLONNE CD"
3497,,"RADIOGRAPHIE COLONNE LOMB"
3498,,"RADIOGRAPHIE DENTAIRE"
3499,,"RADIOGRAPHIE GENOUX"
3500,,"RADIOGRAPHIE GRELE"
3501,,"RADIOGRAPHIE MAMMAIRE"
3502,,"RADIOGRAPHIE POIGNET"
3503,,"RADIOGRAPHIE PULMONAIRE"
3504,,"RADIOGRAPHIE NON PRECISEE"
3505,,"RADIOGRAPHIE SINUS"
3506,,"RADIOGRAPHIE VESICULE"
3507,,"RADIOSCOPIE"
3508,,"RADIOTHERAPIE ABDOMINALE"
3509,,"RADIOTHERAPIE NON ABDOM"
3510,,"RESONNANCE MAGNETIQUE"
3511,,"ROSEOLE"
3512,,"ROUGEOLE"
3513,,"SCANNER ABDOMINAL"
3514,,"SCANNER NON ABDOMINAL"
3515,,"SCARLATINE"
3516,,"SCINTIGRAPHIE GALLIUM"
3517,,"SCINTIGRAPHIE IODE"
3518,,"SCINTIGRAPHIE TECHNECIUM"
3519,,"STERILET"
3520,,"TABAC"
3521,,"TALC"
3522,,"TRANSIT OESO-GASTRO-DUOD"
3523,,"TOXOPLASMOSE"
3524,,"ULTRAVIOLETS"
3525,,"UROGRAPHIE INTRAVEINEUSE"
3526,,"VARICELLE"
3527,,"ZONA"
3528,,"ALPHA BLOQUANT"
3529,,"AMINOSIDE"
3530,,"AMPHETAMINE"
3531,,"ANESTHESIE GENERALE"
3532,,"ANESTHESIE LOCALE"
3533,,"ANTALGIQUE"
3534,,"ANTIAMIBIEN"
3535,,"ANTIARYTHMIQUE"
3536,,"ANTIBIOTIQUE"
3537,,"ANTIDEPRESSEUR"
3538,,"ANTIEMETIQUE"
3539,,"ANTIHISTAMINIQUE H1"
3540,,"ANTIHISTAMINIQUE H2"
3541,,"ANTIHYPERTENSEUR"
3542,,"ANTIINFLAMMATOIRE NS"
3543,,"ANTIMITOTIQUE"
3544,,"ANTIPALUDEEN"
3545,,"ANTITUBERCULEUX"
3546,,"ANTITUSSIF"
3547,,"ANTIVITAMINIQUE K"
3548,,"BENZODIAZEPINE"
3549,,"BETA-BLOQUANT"
3550,,"CEPHALOSPORINE"
3551,,"CONTRACEPTION ORALE"
3552,,"CORTICOIDE"
3553,,"DIURETIQUE"
3554,,"GAMMA GLOBULINES HUMAINES"
3555,,"HOMEOPATHIE"
3556,,"HYPNOTIQUE"
3557,,"IMIDAZOLES"
3558,,"IMUNOGLOBULINES"
3559,,"NEUROLEPTIQUE"
3560,,"PHYTOTHERAPIE"
3561,,"PROSTAGLANDINE"
3562,,"VASOCONSTRICTEUR"
3563,,"FOMEPIZOLE"
3564,,"4,6 DIAMINO 2 PHENYL INDO"
3565,,"ACETATE DE BUTYLE"
3566,,"ACETATE DE METHOXYPROPANO"
3567,,"ACETATE D'ETHYLE"
3568,,"ACETONE"
3569,,"ACETONITRILE"
3570,,"ACIDE ACETIQUE"
3571,,"ACIDE BORIQUE"
3572,,"ACIDE CHLORHYDRIQUE"
3573,,"ACIDE CITRIQUE"
3574,,"ACIDE NITRIQUE"
3575,,"ACIDE OXALIQUE"
3576,,"ACIDE PHOSPHORIQUE"
3577,,"ACIDE PICRIQUE"
3578,,"ACIDE SULFAMIQUE"
3579,,"ACIDE SULFURIQUE"
3580,,"ACRYLAMIDE"
3581,,"ACRYLATES"
3582,,"AGENT DE NETTOYAGE"
3583,,"ALCOOL"
3584,,"ALCOOL A BRULER"
3585,,"ALCOOL IODE"
3586,,"ALGICIDE"
3587,,"ALLUME FEU"
3588,,"AMIANTE"
3589,,"AMINES"
3590,,"AMINOPHENOL"
3591,,"AMITRAZE"
3592,,"AMMONIAQUE"
3593,,"AMMONIUM QUATERNAIRE"
3594,,"ANHYDRIDE ACETIQUE"
3595,,"ANTI-CALCAIRE"
3596,,"ANTIGEL"
3597,,"ANTIGRAFFITI"
3598,,"ANTIMITE"
3599,,"ANTIMOUSTIQUE"
3600,,"ARGENT"
3601,,"ARSENIC"
3602,,"AZACONAZOLE"
3603,,"AZITHRACINE"
3604,,"BENZENE"
3605,,"BOMBE AUTO DEFENSE"
3606,,"BOUILLIE BORDELAISE"
3607,,"BROMADIOLONE"
3608,,"BROMOFORME"
3609,,"CADMIUM"
3610,,"CAOUTCHOUC"
3611,,"CARBOGENE"
3612,,"CHLORPYRIPHOS"
3613,,"CHAUX"
3614,,"CHLORATE DE POTASSIUM"
3615,,"CHLORE"
3616,,"CHLOROFORME"
3617,,"CHLORURE D'AMMONIUM"
3618,,"CHLORURE DE METHYLENE"
3619,,"CHLORURE DE PLATINITE"
3620,,"CHLORURE DE ZINC"
3621,,"CHLORURE FERRIQUE"
3622,,"CHROME"
3623,,"CIMENT"
3624,,"CIRAGE"
3625,,"CIRE POUR MEUBLES"
3626,,"CITRATE D AMINE"
3627,,"CRESOL"
3628,,"COLLE"
3629,,"COLLE CYANO ACRYLATE"
3630,,"CONSERVATEUR POUR FLEUR"
3631,,"CRAIE"
3632,,"CYANURE DE POTASSIUM"
3633,,"CYCLOHEXANE"
3634,,"CYCLOHEXANONE"
3635,,"CYFLUTHRINE"
3636,,"DECAPANT"
3637,,"DECAPANT FOUR"
3638,,"DELTAMETHRINE"
3639,,"DETACHANT"
3640,,"DETARTRANT CAFETIERE"
3641,,"DETARTRANT WC"
3642,,"DETERGENT"
3643,,"DIAZINON"
3644,,"DICHLOROMETHANE"
3645,,"DICHLORVOS"
3646,,"DIFENACOUM"
3647,,"DILUANT CELLULOSIQUE"
3648,,"DILUANT VITRIFICATEUR"
3649,,"DIMETHYL SULFOXIDE"
3650,,"DIMETHYLFORMAMIDE"
3651,,"DURCISSEUR"
3652,,"EAU DE JAVEL CONCENTREE"
3653,,"EAU DE JAVEL DILUEE"
3654,,"EAU DEMINERALISEE"
3655,,"EAU ECARLATE"
3656,,"ENCENS"
3657,,"ENCRE"
3658,,"ENGRAIS"
3659,,"ESSENCE"
3660,,"ESSENCE C"
3661,,"ESSENCE DE TEREBENTHINE"
3662,,"ESSENCE G"
3663,,"ETAIN"
3664,,"ETHER"
3665,,"ETHER DE GLYCOL"
3666,,"ETHYLENE GLYCOL"
3667,,"FERROCYANURE DE POTASSIUM"
3668,,"FIPRONIL"
3669,,"FIXATEUR PHOTOGRAPHIE"
3670,,"FONGICIDE"
3671,,"FORMALDEHYDE"
3672,,"FORMOL"
3673,,"FORMAMIDE"
3674,,"FREON"
3675,,"FUMEES"
3676,,"GAS OIL"
3677,,"GAZ CARBONIQUE"
3678,,"GAZ DE VILLE"
3679,,"GLUTARALDEHYDE"
3680,,"GLYCOL"
3681,,"GLYPHOSATE"
3682,,"HEXAMETHYLDISILASANE"
3683,,"HEXANE"
3684,,"HUILE DE CADE"
3685,,"HUILE DE LIN"
3686,,"HUILE DE TECK"
3687,,"HUILE DECAPANTE"
3688,,"HYDROGENE SULFURE"
3689,,"HYDROQUINONE"
3690,,"INCENDIE"
3691,,"INSECTICIDE"
3692,,"INSECTICIDE ORGANOCHLORE"
3693,,"INSECTICIDE ORGANOPHOSPHORE"
3694,,"IODE 131"
3695,,"IODURE DE PROPIDIUM"
3696,,"ISOCYANATES"
3697,,"LACTATE D'ETHYLE"
3698,,"LAVE VITRES"
3699,,"LESSIVE (poudre, gel.)"
3700,,"LINDANE"
3701,,"MANCOZEBE"
3702,,"MASTIC"
3703,,"MERCAPTAN"
3704,,"MERCAPTOETHANOL"
3705,,"MERCURE"
3706,,"MERCUROTHIOLATE SODIQUE"
3707,,"METAUX"
3708,,"METHACRYLATE"
3709,,"METHANOL"
3710,,"METHOXY PROPANOL"
3711,,"METHYLENE"
3712,,"METHYLETHYLCETONE"
3713,,"MEVINPHOS"
3714,,"MONOXYDE DE CARBONE"
3715,,"N HEPTANE"
3716,,"N-METHYLPYRROLIDONE"
3717,,"COLLE NEOPRENE"
3718,,"N-HEXANE"
3719,,"NICKEL"
3720,,"NITRATE"
3721,,"NITRATE D'ARGENT"
3722,,"NITROSAMINES"
3723,,"OXYDE D ETHYLENE"
3724,,"OXYDE DE CARBONE"
3725,,"OZONE"
3726,,"PARAPHENYLENE DIAMINE"
3727,,"PARAQUAT"
3728,,"PEINTURE"
3729,,"PEINTURE ANTIROUILLE"
3730,,"PEINTURE GLYCEROPHTALIQUE"
3731,,"PENTACHLOROPHENOL"
3732,,"PERCHLORETHYLENE"
3733,,"PERCHLORURE DE FER"
3734,,"PERMETHRINE"
3735,,"PEROXODISULFATE"
3736,,"PEROXYDE D'HYDROGENE"
3737,,"PHENOL"
3738,,"PHENOTHION"
3739,,"PHOSPHATE DISODIQUE"
3740,,"PHTALATE"
3741,,"PILE"
3742,,"PLANTE"
3743,,"PLATRE"
3744,,"PLOMB"
3745,,"POLYURETHANE"
3746,,"POPPERS"
3747,,"POUDRE LAVE VAISSELLE"
3748,,"PRODUIT DE NETTOYAGE"
3749,,"PRODUITS DE PISCINE"
3750,,"PROPANE"
3751,,"PROPOXUR"
3752,,"PROPYLENE GLYCOL"
3753,,"INSECTICIDE PYRETHRINOIDE"
3754,,"RATICIDE"
3755,,"REACTIFS"
3756,,"RESINE"
3757,,"RESINE UREE FORMOL"
3758,,"REVELATEUR PHOTOGRAPHIQUE"
3759,,"SHAMPOING MOQUETTE"
3760,,"SOLVANT(S)"
3761,,"SOUDE"
3762,,"SOUDURE"
3763,,"STRONTIUM"
3764,,"STYRENE"
3765,,"SULFATE DE ZINC"
3766,,"TEINTURE D'IODE"
3767,,"TEINTURE TISSUS"
3768,,"TERPENE"
3769,,"TETRAHYDROTHIOPHENE"
3770,,"TETRAMETHYL UREE"
3771,,"THERMOMETRE"
3772,,"THERMOMETRE A MERCURE"
3773,,"THIOCYANATE DE GUANIDINE"
3774,,"THIOSULFATE DE POTASSIUM"
3775,,"TOLUENE"
3776,,"TRANSFLUTHRINE"
3777,,"TRICHLORETHYLENE"
3778,,"TRICHLOROETHANE"
3779,,"TRIHYDROXYETHYLAMINE"
3780,,"VERNIS"
3781,,"VITRIFICATEUR"
3782,,"WHITE SPIRIT"
3783,,"XYLENE"
3784,,"XYLOPHENE"
3785,,"ISONIAZIDE"
3786,,"HYALURONIDASE CHOAY"
3787,,"ACIDE FOLIQUE"
3788,,"ACIDE NICOTINIQUE"
3789,,"ALDECINE"
3790,,"AUXISONE"
3791,,"BUCANEST"
3792,,"BUCANEST ADRENALINEE"
3793,,"BUTANE"
3794,,"CICLOSPORINE"
3795,,"DIOXINE"
3796,,"ETHAMBUTOL"
3797,,"FAZOL G"
3798,,"FLAGYL OVULE"
3799,,"FUNGIZONE LOTION"
3800,,"FUNGIZONE PARENTERAL"
3801,,"MADECASSOL COMPRIME"
3802,,"MADECASSOL TULGRAS"
3803,,"RANITIDINE"
3804,,"RIBAVIRINE"
3805,,"RIFAMPICINE"
3806,,"SOLUCORT NASAL"
3807,,"SUFENTANIL"
3808,,"SYMPATHYL SANS PHENOBARB"
3809,,"THIOPENTAL"
3810,,"THIOTEPA"
3811,,"THIOUREE"
3812,,"OLIGO-ELEMENTS"
3813,,"PROPECIA"
3814,,"RELENZA"
3815,,"ZORAC"
3816,,"REBETOL"
3817,,"ARTESUNATE"
3818,,"HUMEX FOURNIER COLLUTOIRE"
3819,,"HUMEX FOURNIER EXPECT"
3820,,"ALLERGODIL COLLYRE"
3821,,"ANTIULCEREUX"
3822,,"BIRODOGYL"
3823,,"CLIPTOL"
3824,,"CODOTUSSYL TOUX SECHE CAP"
3825,,"DENORAL SIROP (< 1998)"
3826,,"DIMETANE ADULTE (<1998)"
3827,,"EXPECTORANT"
3828,,"NORSET"
3829,,"PARVOVIRUS"
3830,,"NASONEX"
3831,,"NORLEVO"
3832,,"AROMASOL"
3833,,"CEREZYME"
3834,,"ANTIPOUX"
3835,,"ANTIPARASITAIRE (non antipalud√©en)"
3836,,"INFECTION AUTRE (que urinaire)"
3837,,"PARIET"
3838,,"ZIAGEN"
3839,,"PROGESTASERT"
3840,,"APSOR"
3841,,"ALEVE"
3842,,"ENTEROPATHYL"
3843,,"ALIMENTATION PARENTERALE"
3844,,"CELANCE"
3845,,"SUSTIVA"
3846,,"NIQUITIN"
3847,,"PRODUIT DE CONTRASTE IODE"
3848,,"SARPAGAN"
3849,,"STODAL"
3850,,"RADIOGRAPHIE MEMBRE"
3851,,"CHLOROQUINE"
3852,,"ACIDE FLUORHYDRIQUE"
3853,,"MATERIEL MEDICAL"
3854,,"TANATRIL"
3855,,"ANTIBIOTREX GEL"
3856,,"NABUCOX"
3857,,"CELEBREX"
3858,,"VIOXX"
3859,,"FLANID"
3860,,"IGF-1"
3861,,"SUSTANON"
3862,,"FIXICAL"
3863,,"ZAMUDOL"
3864,,"TAVANIC"
3865,,"AZOPT"
3866,,"ULTRASONS"
3867,,"ASMABEC CLICKHALER"
3868,,"DICHLOROPHENE"
3869,,"SERETIDE"
3870,,"ACULAR"
3871,,"BEAGYNE"
3872,,"CARDIOSOLUPSAN"
3873,,"BETADINE OVULE"
3874,,"ACTISKENAN"
3875,,"SIBUTRAL"
3876,,"ANAGRELIDE"
3877,,"OMNISCAN"
3878,,"CERAZETTE"
3879,,"BAUME MIRIGA"
3880,,"NOVONORM"
3881,,"VITAMINE B12 COLLYRE"
3882,,"VITAMINES (polyvitamines en association)"
3883,,"TRACTOCILE"
3884,,"MELODIA"
3885,,"TRIETHYLENETETRAMINE"
3886,,"VEXOL"
3887,,"EDULCORANT (autre que aspartame)"
3888,,"ANTIEPILEPTIQUE"
3889,,"RHINOCORT"
3890,,"SCINTIGRAPHIE AUTRE OU SANS PRECISION"
3891,,"MEGAMYLASE"
3892,,"RAPAMUNE"
3893,,"ENBREL"
3894,,"REMICADE"
3895,,"ARAVA"
3896,,"ZEFFIX"
3897,,"COKENZEN"
3898,,"ADEFOVIR"
3899,,"GLIVEC"
3900,,"ACICLOVIR"
3901,,"ESTIMA"
3902,,"ARGICILLINE SOL NASALE"
3903,,"TRILEPTAL"
3904,,"MALARONE"
3905,,"ANTIACIDE"
3906,,"TECHNECIUM 99"
3907,,"ZYBAN"
3908,,"BETASERC"
3909,,"KALETRA"
3910,,"KEPPRA"
3911,,"VIREAD"
3912,,"TYPHERIX"
3913,,"LERCAN"
3914,,"VACCIN PRIORIX"
3915,,"DEPAKOTE"
3916,,"VACCIN REVAXIS"
3917,,"SCOBUREN"
3918,,"IMPLANON"
3919,,"TEVETEN"
3921,,"Nettoyant vaisselle"
3922,,"Nettoyant linge (sauf d√©tachant)"
3923,,"Nettoyant vitre et verre"
3924,,"Nettoyant sol"
3925,,"Nettoyant WC"
3926,,"Nettoyant salle de bain"
3927,,"Nettoyant de surface"
3928,,"Nettoyant m√©taux"
3929,,"Nettoyant d√©poussi√©rant"
3930,,"Nettoyant ind√©termin√©"
3932,,"D√©tartrant/D√©capant pour appareil √©lectro-m√©nager"
3933,,"D√©tartrant/D√©capant de surface"
3934,,"D√©tartrant/D√©capant multiusage"
3935,,"D√©tartrant/D√©capant ind√©termin√©"
3936,,"D√©tartrant/D√©capant autre"
3937,,"D√©boucheur pour canalisation"
3939,,"D√©sodorisant d'atmosph√®re"
3940,,"D√©sodorisant pour appareils m√©nagers"
3941,,"D√©sodorisant neutralisateurs d'odeurs sp√©cifiques"
3942,,"D√©sodorisant multiusages"
3943,,"D√©sodorisant autre"
3944,,"D√©sodorisant ind√©termin√©"
3946,,"D√©sinfectant mat√©riel"
3947,,"D√©sinfectant surface"
3948,,"D√©sinfectant pour l'eau"
3949,,"D√©sinfectant multiusage ou polyvalent"
3950,,"D√©sinfectant autre"
3951,,"D√©sinfectant ind√©termin√©"
3952,,"Cirant/Lustrant"
3954,,"D√©tachant/D√©colorant textile antirouille"
3955,,"D√©tachant/D√©colorant textile taches grasses"
3956,,"D√©tachant/D√©colorant textile encre,feutre"
3957,,"D√©tachant/D√©colorant textile taches de fruit"
3958,,"D√©tachant/D√©colorant textile goudron"
3959,,"D√©tachant/D√©colorant textile pour linge d√©teint"
3960,,"D√©tachant/D√©colorant textile multiusage"
3961,,"D√©tachant/D√©colorant textile autre"
3962,,"D√©tachant/D√©colorant textile ind√©termin√©"
3963,,"Traitement des textiles sauf d√©tachant"
3964,,"Traitement tissus"
3965,,"Traitement cuirs"
3966,,"Allume feu"
3967,,"Anti-suie"
3968,,"Anti-humidit√©"
3969,,"R√©g√©n√©rateur de fosses septiques"
3970,,"Piles"
3971,,"Piles (bouton)"
3972,,"Piles (autres)"
3973,,"AERIUS"
3974,,"ALDARA"
3975,,"AMANTADINE"
3976,,"CROMOGLYCATE DE SODIUM"
3977,,"DACARBAZINE"
3978,,"DINOPROST"
3979,,"ELECTROTHERAPIE"
3980,,"MONONUCLEOSE INFECTIEUSE"
3981,,"QVAR AUTOHALER"
3982,,"SYMBICORT TURBUHALER"
3983,,"TRIZIVIR"
3984,,"ONDE COURTE"
3985,,"PHLOROGLUCINOL"
3986,,"VINBLASTINE"
3987,,"EPIRUBICINE"
3988,,"LACTULOSE"
3989,,"MONAZOL OVULE"
3990,,"TITANOREINE CREME"
3991,,"INEXIUM"
3992,,"TRAMADOL"
3993,,"PYRANTEL"
3994,,"SORBITOL"
3995,,"TEMODAL"
3996,,"DIOALGO"
3997,,"DIOXADOL"
3998,,"OLIGOBS GROSSESSE"
3999,,"SISMOTHERAPIE"
4000,,"JASMINE"
4001,,"MULTIVITAMINES UPSA"
4003,,"TATOUAGE"
4004,,"XYLOMETAZOLINE"
4005,,"TECHNESCAN HDP"
4006,,"ALCOOL BORIQUE"
4007,,"HUMEX FOURNIER TAMPON IMPREGNE"
4008,,"QUINTOR"
4009,,"ANTIBIOTIQUE (COLLYRE)"
4010,,"MARIE ROSE LOTION"
4011,,"TRAVATAN"
4012,,"SEPTIDIARYL"
4013,,"GRAVIBINAN"
4014,,"ACTONEL"
4015,,"XERODERM"
4016,,"DERCOS"
4017,,"FUOGRIP"
4018,,"NATAL"
4019,,"GRANIONS D'ARGENT"
4020,,"GRANIONS DE BISMUTH"
4021,,"GRANIONS DE CUIVRE"
4022,,"GRANIONS DE LITHIUM"
4023,,"GRANIONS DE MAGNESIUM"
4024,,"GRANIONS DE MANGANESE"
4025,,"GRANIONS D'OR"
4026,,"GRANIONS DE SELENIUM"
4027,,"GRANIONS DE SOUFRE"
4028,,"GRANIONS D'URANIUM"
4029,,"GRANIONS DE ZINC"
4030,,"ANTIVIRAUX"
4031,,"IMMUNOSUPPRESSEURS"
4032,,"ALPRAZOLAM"
4033,,"UBISTESIN ADRENALINE"
4034,,"BUVENTOL"
4035,,"BEMEDREX"
4036,,"TETRAZEPAM"
4037,,"MUCOLYTIQUES"
4038,,"PROPOFOL"
4039,,"ALIPURO"
4040,,"CIGARETTE NTB"
4041,,"KETEK"
4042,,"LIVIAL"
4043,,"CLENBUTEROL"
4044,,"PERFALGAN"
4045,,"ALTOPOU"
4046,,"DOXYLAMINE"
4047,,"DHEA"
4048,,"TAKADOL"
4049,,"DIETHYLSTILBESTROL"
4050,,"ACIDE TRICHLORACETIQUE"
4051,,"TITANOREINE LIDOCAINE"
4052,,"CURACNE"
4053,,"MIFLASONE"
4054,,"KESTIN"
4055,,"SUCCESSIA"
4056,,"CHLORAMPHENICOL"
4057,,"SEROPLEX"
4058,,"IMOCUR"
4059,,"AUDISPRAY"
4060,,"SULFAGUANIDINE"
4061,,"ACETATE DE ZINC"
4062,,"ARTICADENT"
4063,,"XYZALL"
4064,,"FORCAPIL"
4065,,"MAZINDOL"
4066,,"MENOPUR"
4067,,"LODOZ"
4068,,"ENTOCORT"
4069,,"IXPRIM"
4070,,"ZALDIAR"
4071,,"ENTOCORT"
4072,,"MINESSE"
4073,,"COPAXONE"
4074,,"LUMIGAN"
4075,,"IZILOX"
4076,,"VICKS INHALER TAMPON"
4077,,"ACLOTINE"
4078,,"PAPS"
4079,,"RELPAX"
4080,,"EXOLISE"
4081,,"SOPHIDONE"
4082,,"FIVASA"
4083,,"LANVIS"
4084,,"CARDENSIEL"
4085,,"INDOBIOTIC"
4086,,"TAMIFLU"
4087,,"VFEND"
4088,,"ZUMALGIC"
4089,,"NATEAD"
4090,,"PROCUTA"
4091,,"DIVARIUS"
4092,,"TUSSIDANE"
4093,,"MULTIHANCE"
4094,,"DOXYPALU"
4095,,"NOCTYL"
4096,,"ANTIRETROVIRAUX"
4097,,"COAPROVEL"
4098,,"FORTZAAR"
4099,,"HYTACAND"
4100,,"MICARDISPLUS"
4101,,"PRITORPLUS"
4102,,"ANXIOLYTIQUE"
4103,,"RIAMET"
4104,,"XYLONOR"
4105,,"PHYTO-OESTROGENE"
4106,,"VALCYTE"
4107,,"ZOFENIL"
4108,,"MICARDIS"
4109,,"METHACHOLINE"
4110,,"MILLEPERTUIS"
4111,,"PREDALGIC"
4112,,"TRACLEER"
4113,,"AIRBAG"
4114,,"VACCIN PREVENAR"
4115,,"ENTONOX"
4116,,"ANTISEPTIQUE"
4117,,"MALATHION"
4118,,"NUTRICAP"
4119,,"DYNASTAT"
4120,,"PETHIDINE"
4121,,"SEVORANE"
4122,,"DESFLURANE"
4123,,"MEDROXYPROGESTERONE"
4124,,"EMTRIVA"
4125,,"PRODUITS DE CONTRASTE PARAMAGNETIQUES"
4126,,"ABILIFY"
4127,,"ACINELLE"
4128,,"ACTIFED RHUME"
4129,,"AGENERASE"
4130,,"ALMOGRAN"
4131,,"AMITRIPTYLINE"
4132,,"AMSACRINE"
4133,,"ANACAPS"
4134,,"ANTIFONGIQUE"
4135,,"ARANESP"
4136,,"ARKOTONIC EFFERVESCENT"
4137,,"ARTICAINE"
4138,,"BAUME DU TIGRE"
4139,,"CERIS"
4140,,"CHLORPHENAMINE"
4141,,"CHLORPHENIRAMINE"
4142,,"COPEGUS"
4143,,"CRESTOR"
4144,,"DOMPERIDONE"
4145,,"EUCALYPTOL"
4146,,"EXFOLIAC"
4147,,"FLIXOVATE"
4148,,"FLUOXETINE"
4149,,"FOSTIMON"
4150,,"GALZIN"
4151,,"HEPSERA"
4152,,"HERCEPTIN"
4153,,"HEXAPHANE"
4154,,"HIRUCREME"
4155,,"HOLGYEME"
4156,,"INSULINE LANTUS"
4157,,"LORATADINE"
4158,,"MERIDOL BAIN DE BOUCHE"
4159,,"METOCALCIUM"
4160,,"MIDAZOLAM"
4161,,"MONOXYDE D'AZOTE"
4162,,"MOTILYO"
4163,,"MULTICROM"
4164,,"NAEMIS"
4165,,"ESTROGENE"
4166,,"OMEPRAZOLE"
4167,,"OPO-VEINOGENE"
4168,,"OSMOGEL"
4169,,"PAROXETINE"
4170,,"PEGASYS"
4171,,"PERITRATE"
4172,,"PREDNISOLONE"
4173,,"PREVEGYNE"
4174,,"PRIMACAINE ADRENALINE"
4175,,"PROTOPIC"
4176,,"PROVERA"
4177,,"PULMODEXANE"
4178,,"REYATAZ"
4179,,"ROCANAL"
4180,,"SECNOL"
4181,,"TELZIR"
4182,,"THIAMPHENICOL"
4183,,"TROXERUTINE"
4184,,"VEINOTELON"
4185,,"VISUDYNE"
4186,,"VOGALIB"
4187,,"XALACOM"
4188,,"XENAZINE"
4189,,"XOLAAM"
4190,,"ZIPRASIDONE"
4191,,"ZOLPIDEM"
4192,,"ZOMIGORO"
4193,,"AUTOBRONZANTS"
4194,,"ANTITRANSPIRANTS"
4195,,"MITOXANTRONE"
4196,,"COLOPHANE"
4197,,"ARTEMISINE"
4198,,"AVADENE"
4199,,"SCOPOLAMINE"
4200,,"TOXICARB"
4201,,"CIPROFLOXACINE"
4202,,"ZYMAD"
4203,,"ACIDE RETINOIQUE"
4204,,"REACTINE"
4205,,"BROMURE DE METHYLE (METHYLBROMIDE)"
4206,,"DEXTROMETHORPHANE"
4207,,"HUMIRA"
4208,,"VENTILASTIN"
4209,,"CELIPROLOL"
4210,,"NYOGEL"
4211,,"TENORETIC"
4212,,"MONOCRIXO"
4213,,"AJMALINE"
4214,,"AVANDIA"
4215,,"ACTOS"
4216,,"VACCIN REPEVAX"
4217,,"TEMERIT"
4218,,"HYSTEROSCOPIE"
4219,,"CETIRIZINE"
4220,,"PRODUIT DE BRICOLAGE"
4221,,"VASELINE SALICYLEE"
4222,,"PURIVIST"
4223,,"OLMETEC"
4224,,"IRESSA"
4225,,"TARCEVA"
4226,,"SUTENT"
4227,,"NEXAVAR"
4228,,"SPRYCEL"
4229,,"VIPERE (morsure)"
4230,,"KIVEXA"
4231,,"TRUVADA"
4232,,"ZONEGRAN"
4233,,"LYRICA"
4234,,"DIACOMIT"
4235,,"ARIXTRA"
4236,,"TORADOL"
4237,,"FINASTERIDE"
4238,,"FOSAVANCE"
4239,,"MICROPUR"
4240,,"ETOMIDATE"
4241,,"SONOVUE"
4242,,"ZANIDIP"
4243,,"PHENOLPHTALEINE"
4244,,"TARGRETIN"
4245,,"REVLIMID"
4246,,"LENALIDOMIDE"
4247,,"ACOMPLIA"
4248,,"MILDAC"
4249,,"CRYOPHARMA"
4250,,"YRANOLE EUGENOLE"
4251,,"ZOPICLONE"
4252,,"FUZEON"
4253,,"TELBIVUDINE"
4254,,"BARACLUDE"
4255,,"EFFIZINC"
4256,,"EZETROL"
4257,,"CITALOPRAM"
4258,,"DAILY GE"
4259,,"CHAMPIX"
4260,,"PRAVASTATINE"
4261,,"VACCIN BOOSTRIX TETRA"
4262,,"MICROPAKINE"
4263,,"HUILES ESSENTIELLES"
4264,,"CANTALENE"
4265,,"VACCIN VARILRIX"
4266,,"HYDROXYZINE"
4267,,"VARITECT"
4268,,"VACCIN TICOVAC"
4269,,"GLIMEPIRIDE"
4270,,"SEBIPROX"
4271,,"XAGRID"
4272,,"ROXITHROMYCINE"
4273,,"SPIRIVA"
4274,,"VACCIN GARDASIL"
4275,,"XOLAIR"
4276,,"TOPIRAMATE"
4277,,"LEVETIRACETAM"
4278,,"ESKAZOLE"
4279,,"MIFLONIL"
4280,,"CARTREX"
4281,,"CYMBALTA"
4282,,"RHOPHYLAC"
4283,,"SEVREDOL"
4284,,"OXYCONTIN"
4285,,"ROCHAGAN"
4286,,"TIGREAT"
4287,,"TYSABRI"
4288,,"VACCIN TYAVAX"
4289,,"INEGY"
4290,,"AVODART"
4291,,"ETHIDIUM BROMURE"
4292,,"SCINTIGRAPHIE THALLIUM"
4293,,"PANSEMENT MEDICAL"
4294,,"METHOXYISOBUTYLE ISONITRILE (MIBI)"
4295,,"EXFORGE"
4296,,"ANADVIL"
4297,,"KALINOX"
4298,,"MECIR"
4299,,"VICKS VAPORUB"
4300,,"ORAMORPH"
4301,,"SIFROL"
4302,,"PREZISTA"
4303,,"CIMZIA"
4304,,"GADOLINIUM"
4305,,"BI MISSILOR"
4306,,"ZINDACLINE GEL"
4307,,"LITHOTRITIE"
4308,,"ACIDE GLYCOLIQUE (acide hydroxyac√©tique)"
4309,,"DICLECTIN"
4310,,"APIDRA"
4311,,"VACCIN MENCEVAX"
4312,,"EXJADE"
4313,,"ECOBEC"
4314,,"GUCOVANCE"
4315,,"BACTERICIDE DE SURFACE"
4316,,"ACETOTARTRATE D'ALUMINE DEFRESNE CATAPLASME"
4317,,"ARTICAINE ADRENALINE"
4318,,"BECLOMETASONE"
4319,,"BLEU TRYPTAN"
4320,,"CANCIDAS"
4321,,"CANNEBERGE"
4322,,"CERTICAN"
4323,,"COLIMYCINE AEROSOL"
4324,,"COOMASSIE"
4325,,"CYCLOPHOSPHAMIDE"
4326,,"POLYVINYLPYRROLIDONE"
4327,,"DIPRO OLEOSUM"
4328,,"EDTA"
4329,,"ETHIDIUM CHLORURE"
4330,,"CALCIUM BLOQUANT"
4331,,"INSULATARD"
4332,,"INSULINE LEVEMIR"
4333,,"INSULINE NOVORAPID"
4334,,"JASMINELLE"
4335,,"MONOZECLAR"
4336,,"MYCOAPAISYL"
4337,,"ROVALCYTE"
4338,,"NORAMIDOPYRINE"
4339,,"NUVARING"
4340,,"MACROGOL"
4341,,"POSTADOXINE"
4342,,"PROSPAN"
4343,,"RUBIDIUM"
4344,,"TIMOFEROL"
4345,,"TRIMETHOPRIME"
4346,,"PRODUIT DE LABORATOIRE ET REACTIF POUR ANALYSE"
4347,,"VACCIN COQUELUCHE"
4348,,"VIRAFERONPEG"
4349,,"ALTEIS"
4350,,"VACCIN MENOMUNE"
4351,,"ATOVAQUONE"
4352,,"DEXTROPROPOXYPHENE-PARACETAMOL"
4353,,"VIPERFAV"
4354,,"AVAMYS"
4355,,"PRORACYL"
4356,,"CLOMIPRAMINE"
4357,,"EPIDUO"
4358,,"ADARTREL"
4359,,"ROPINIROLE"
4360,,"OROPERIDYS"
4361,,"CIMZIA"
4362,,"BYETTA"
4363,,"FEIBA"
4364,,"DUOCOTEXIN"
4365,,"IFOSFAMIDE"
4366,,"EUVANOL"
4367,,"NOVOPULMON"
4368,,"NEBILOX"
4369,,"DOLZAM"
4370,,"SULFADIAZINE"
4371,,"CHLORZOXAZONE"
4372,,"RINIAZIDE"
4373,,"LACRYFLUID"
4374,,"ALLI"
4375,,"FOCETRIA"
4376,,"PANDEMRIX"
4377,,"CELVAPAN"
4378,,"HUMENZA"
4379,,"PANENZA"
4380,,"CONCERTA"
4381,,"GAZ LACRYMOGENE"
4382,,"VENLAFAXINE"
4383,,"NORFLOXACINE"
4384,,"JANUVIA"
4385,,"MESALAZINE"
4386,,"CARLIN"
4387,,"TYVERB"
4388,,"TASIGNA"
4389,,"TORISEL"
4390,,"ISENTRESS"
4391,,"INTELENCE"
4392,,"PARANIX SHAMPOING ANTIPOUX"
4393,,"RAFTON"
4394,,"ADVAGRAF"
4395,,"ROPHYLAC"
4396,,"INNOVAIR"
4397,,"EVRA PATCH"
4398,,"SEROQUEL"
4399,,"AVAMYS"
4400,,"ARCOXIA"
4401,,"INSTANYL"
4402,,"GYMISO"
4403,,"SERTRALINE"
4404,,"XELEVIA"
4405,,"MABCAMPATH"
4406,,"MYLOTARG"
4407,,"ERBITUX"
4408,,"AVASTIN"
4409,,"VECTIBIX"
4410,,"REMOVAB"
4411,,"ARZERRA"
4412,,"ONDANSETRON"
4413,,"PANTOPRAZOLE"
4414,,"VALDOXAN"
4415,,"ATRIPLA"
4416,,"VICTOZA"
4417,,"LEELOO"
4418,,"SPIFEN"
4419,,"BIPERIDYS"
4420,,"VOLUVEN"
4421,,"CARBOSYMAG"
4422,,"DOLIRHUMEPRO"
4423,,"PROCORALAN"
4424,,"OXYTOCINE"
4425,,"BUDESONIDE"
4426,,"EVANECIA"
4427,,"FORMOTEROL"
4428,,"MEOPA"
4429,,"VELMETIA"
4430,,"MNESIS"
4431,,"MYFORTIC"
